Date,ID,SP,ind,buds,flowers,fruits,max.height.mm,shape.long,shape.90,phen,group,num.focal,lateral,shape,notes
7.28.2016,H001D100,POLE,1,0,0,0,10,8,2,2,P.V,2,5,0.5,.
7.28.2016,H001D100,POCA,2,4,0,0,12,13,3,2,P.V,2,8,0.6666666667,.
7.28.2016,H001D100,VERO,1,0,0,0,32,45,43,4,P.V,2,44,1.375,.
7.28.2016,H001D100,VERO,2,6,0,0,7,21,18,2,P.V,2,19.5,2.7857142857,.
7.28.2016,H001D100,VERO,3,3,0,0,25,55,53,4,P.V,2,54,2.16,.
7.28.2016,H001D100,VERO,4,9,0,0,25,35,31,4,P.V,2,33,1.32,.
7.28.2016,H001D100,VERO,5,2,0,0,18,28,26,4,P.V,2,27,1.5,.
7.28.2016,H001D100,VERO,6,4,0,0,25,30,26,4,P.V,2,28,1.12,.
7.28.2016,H001D100,VERO,7,2,0,0,32,35,28,4,P.V,2,31.5,0.984375,.
7.28.2016,H001D100,VERO,8,5,0,0,28,38,25,4,P.V,2,31.5,1.125,.
7.28.2016,H001D100,VERO,9,9,0,0,39,39,35,4,P.V,2,37,0.9487179487,.
7.28.2016,H001D100,VERO,10,2,0,0,33,35,18,4,P.V,2,26.5,0.803030303,.
8.28.2016,H001D100,VERO,1,21,5,0,69,165,106,6,P.V,2,135.5,1.9637681159,.
8.28.2016,H001D100,VERO,2,4,0,0,22,31,14,5,P.V,2,22.5,1.0227272727,.
8.28.2016,H001D100,VERO,3,18,6,0,47,178,142,6,P.V,2,160,3.4042553191,.
8.28.2016,H001D100,VERO,4,20,2,0,53,106,77,6,P.V,2,91.5,1.7264150943,.
8.28.2016,H001D100,VERO,5,6,0,0,43,58,25,5,P.V,2,41.5,0.9651162791,.
8.28.2016,H001D100,VERO,6,8,1,0,36,47,38,6,P.V,2,42.5,1.1805555556,.
8.28.2016,H001D100,VERO,7,16,3,0,46,110,68,6,P.V,2,89,1.9347826087,.
8.28.2016,H001D100,VERO,8,11,2,0,41,147,40,6,P.V,2,93.5,2.2804878049,.
8.28.2016,H001D100,VERO,9,5,0,0,30,36,32,5,P.V,2,34,1.1333333333,.
8.28.2016,H001D100,VERO,10,12,6,2,44,115,84,8,P.V,2,99.5,2.2613636364,.
8.28.2016,H001D100,POLE,9,1,0,0,38,11,8,4,P.V,2,9.5,0.25,.
8.28.2016,H001D100,POCA,10,0,0,0,3,5,3,.,P.V,2,4,1.3333333333,
8.14.2016,H002D100,VERO,1,5,0,0,32,29,21,4,V,1,25,0.78125,.
8.14.2016,H002D100,VERO,2,3,0,0,40,25,18,4,V,1,21.5,0.5375,.
8.14.2016,H002D100,VERO,3,3,0,0,40,61,43,4,V,1,52,1.3,.
8.14.2016,H002D100,VERO,4,5,0,0,33,24,11,4,V,1,17.5,0.5303030303,.
8.14.2016,H002D100,VERO,5,5,0,0,38,41,38,4,V,1,39.5,1.0394736842,.
8.14.2016,H002D100,VERO,6,4,0,0,29,37,18,4,V,1,27.5,0.9482758621,.
8.14.2016,H002D100,VERO,7,8,0,0,34,68,47,4,V,1,57.5,1.6911764706,.
8.14.2016,H002D100,VERO,8,21,0,0,66,44,35,4,V,1,39.5,0.5984848485,.
8.14.2016,H002D100,VERO,9,1,1,0,56,101,63,6,V,1,82,1.4642857143,.
8.14.2016,H002D100,VERO,10,6,0,0,16,23,16,4,V,1,19.5,1.21875,.
7.24.2016,H003D100,ARCA,1,0,0,0,24,45,8,2,A.PE.P.V,4,26.5,1.1041666667,.
7.24.2016,H003D100,ARCA,2,0,0,0,21,29,4,2,A.PE.P.V,4,16.5,0.7857142857,.
7.24.2016,H003D100,ARCA,3,0,0,0,23,7,4,2,A.PE.P.V,4,5.5,0.2391304348,.
7.24.2016,H003D100,PEAI,1,0,0,0,38,25,11,2,A.PE.P.V,4,18,0.4736842105,.
7.24.2016,H003D100,PEAI,2,0,0,0,36,13,1,2,A.PE.P.V,4,7,0.1944444444,.
7.24.2016,H003D100,PEAI,3,0,0,0,31,25,3,2,A.PE.P.V,4,14,0.4516129032,.
7.24.2016,H003D100,PEAI,4,0,0,0,35,17,6,2,A.PE.P.V,4,11.5,0.3285714286,.
7.24.2016,H003D100,PEAI,5,0,0,0,40,27,1,2,A.PE.P.V,4,14,0.35,.
7.24.2016,H003D100,PEAI,6,0,0,0,30,30,1,2,A.PE.P.V,4,15.5,0.5166666667,.
7.24.2016,H003D100,PEAI,7,0,0,0,30,8,1,2,A.PE.P.V,4,4.5,0.15,.
7.24.2016,H003D100,PEAI,8,0,0,0,31,15,15,2,A.PE.P.V,4,15,0.4838709677,.
7.24.2016,H003D100,PEAI,9,0,0,0,35,36,1,2,A.PE.P.V,4,18.5,0.5285714286,.
7.24.2016,H003D100,PEAI,10,0,0,0,35,15,2,2,A.PE.P.V,4,8.5,0.2428571429,.
7.24.2016,H003D100,POCA,1,0,0,0,27,20,11,2,A.PE.P.V,4,15.5,0.5740740741,.
7.24.2016,H003D100,POCA,2,0,0,0,20,18,2,2,A.PE.P.V,4,10,0.5,.
7.24.2016,H003D100,VERO,1,1,0,0,19,32,30,4,A.PE.P.V,4,31,1.6315789474,.
7.24.2016,H003D100,VERO,2,0,0,0,8,26,5,2,A.PE.P.V,4,15.5,1.9375,.
7.24.2016,H003D100,VERO,3,0,0,0,11,21,6,2,A.PE.P.V,4,13.5,1.2272727273,.
7.24.2016,H003D100,VERO,4,1,0,0,11,33,34,4,A.PE.P.V,4,33.5,3.0454545455,.
7.24.2016,H003D100,VERO,5,0,0,0,17,26,15,2,A.PE.P.V,4,20.5,1.2058823529,.
7.24.2016,H003D100,VERO,6,0,0,0,5,10,9,2,A.PE.P.V,4,9.5,1.9,.
7.24.2016,H003D100,VERO,7,0,0,0,4,12,7,2,A.PE.P.V,4,9.5,2.375,.
7.24.2016,H003D100,VERO,8,0,0,0,4,12,10,2,A.PE.P.V,4,11,2.75,.
7.24.2016,H003D100,VERO,9,0,0,0,10,17,17,2,A.PE.P.V,4,17,1.7,.
7.24.2016,H003D100,VERO,10,3,0,0,11,52,37,4,A.PE.P.V,4,44.5,4.0454545455,.
8.28.2016,H003D100,ARCA,1,2,0,0,21,34,23,4,A.PE.P.V,4,28.5,1.3571428571,.
8.28.2016,H003D100,ARCA,2,1,0,0,29,18,5,4,A.PE.P.V,4,11.5,0.3965517241,.
8.28.2016,H003D100,PEAI,1,1,0,0,46,21,3,.,A.PE.P.V,4,12,0.2608695652,.
8.28.2016,H003D100,PEAI,2,1,0,0,26,21,3,.,A.PE.P.V,4,12,0.4615384615,.
8.28.2016,H003D100,PEAI,3,1,0,0,58,12,5,.,A.PE.P.V,4,8.5,0.1465517241,.
8.28.2016,H003D100,PEAI,4,0,0,0,34,14,2,.,A.PE.P.V,4,8,0.2352941176,.
8.28.2016,H003D100,PEAI,5,1,0,0,60,15,2,.,A.PE.P.V,4,8.5,0.1416666667,.
8.28.2016,H003D100,PEAI,6,1,0,0,40,25,3,.,A.PE.P.V,4,14,0.35,.
8.28.2016,H003D100,PEAI,7,1,0,0,41,11,4,.,A.PE.P.V,4,7.5,0.1829268293,.
8.28.2016,H003D100,PEAI,8,0,0,0,30,15,2,.,A.PE.P.V,4,8.5,0.2833333333,.
8.28.2016,H003D100,PEAI,9,1,0,0,41,10,2,.,A.PE.P.V,4,6,0.1463414634,.
8.28.2016,H003D100,PEAI,10,1,0,0,55,17,3,.,A.PE.P.V,4,10,0.1818181818,.
8.28.2016,H003D100,POCA,1,2,0,0,100,22,8,.,A.PE.P.V,4,15,0.15,.
8.28.2016,H003D100,POCA,2,0,0,0,28,13,10,.,A.PE.P.V,4,11.5,0.4107142857,.
8.28.2016,H003D100,VERO,1,11,5,1,25,88,72,8,A.PE.P.V,4,80,3.2,.
8.28.2016,H003D100,VERO,2,1,0,0,24,20,19,4,A.PE.P.V,4,19.5,0.8125,.
8.28.2016,H003D100,VERO,3,1,2,1,15,38,22,8,A.PE.P.V,4,30,2,.
8.28.2016,H003D100,VERO,4,11,5,1,42,124,82,8,A.PE.P.V,4,103,2.4523809524,.
8.28.2016,H003D100,VERO,5,10,2,0,34,69,47,6,A.PE.P.V,4,58,1.7058823529,.
8.28.2016,H003D100,VERO,6,1,0,0,18,15,5,4,A.PE.P.V,4,10,0.5555555556,.
8.28.2016,H003D100,VERO,7,1,1,0,19,23,15,6,A.PE.P.V,4,19,1,.
8.28.2016,H003D100,VERO,8,1,1,0,23,32,6,6,A.PE.P.V,4,19,0.8260869565,.
8.28.2016,H003D100,VERO,9,3,0,0,26,21,16,4,A.PE.P.V,4,18.5,0.7115384615,.
8.28.2016,H003D100,VERO,10,17,5,6,42,133,114,8,A.PE.P.V,4,123.5,2.9404761905,.
8.6.2016,H004D100,ARCA,1,5,0,0,56,105,79,4,A.PE.P.V,4,92,1.6428571429,.
8.6.2016,H004D100,ARCA,2,2,0,0,75,87,64,4,A.PE.P.V,4,75.5,1.0066666667,.
8.6.2016,H004D100,ARCA,3,2,0,0,88,74,45,4,A.PE.P.V,4,59.5,0.6761363636,.
8.6.2016,H004D100,ARCA,4,2,0,0,65,71,15,4,A.PE.P.V,4,43,0.6615384615,.
8.6.2016,H004D100,ARCA,5,1,0,0,62,65,2,4,A.PE.P.V,4,33.5,0.5403225806,.
8.6.2016,H004D100,ARCA,6,1,0,0,63,67,35,4,A.PE.P.V,4,51,0.8095238095,.
8.6.2016,H004D100,ARCA,7,1,0,0,57,62,12,4,A.PE.P.V,4,37,0.649122807,.
8.6.2016,H004D100,ARCA,8,2,0,0,105,76,4,4,A.PE.P.V,4,40,0.380952381,.
8.6.2016,H004D100,ARCA,9,1,0,0,67,73,11,4,A.PE.P.V,4,42,0.6268656716,.
8.6.2016,H004D100,ARCA,10,3,0,0,64,96,42,4,A.PE.P.V,4,69,1.078125,.
8.6.2016,H004D100,PEAI,1,0,0,0,48,42,35,2,A.PE.P.V,4,38.5,0.8020833333,.
8.6.2016,H004D100,POCA,1,9,0,0,258,60,33,4,A.PE.P.V,4,46.5,0.1802325581,.
8.6.2016,H004D100,POCA,2,1,0,0,98,58,56,4,A.PE.P.V,4,57,0.5816326531,.
8.6.2016,H004D100,POCA,3,1,0,0,129,90,25,4,A.PE.P.V,4,57.5,0.4457364341,.
8.6.2016,H004D100,POCA,4,0,0,0,120,50,24,2,A.PE.P.V,4,37,0.3083333333,.
8.6.2016,H004D100,POCA,5,3,0,0,133,80,22,4,A.PE.P.V,4,51,0.3834586466,.
8.6.2016,H004D100,POCA,6,10,0,0,237,59,43,4,A.PE.P.V,4,51,0.2151898734,.
8.6.2016,H004D100,POCA,7,1,0,0,89,43,15,4,A.PE.P.V,4,29,0.3258426966,.
8.6.2016,H004D100,POCA,8,0,0,0,32,22,9,2,A.PE.P.V,4,15.5,0.484375,.
8.6.2016,H004D100,POCA,9,0,0,0,69,40,5,2,A.PE.P.V,4,22.5,0.3260869565,.
8.6.2016,H004D100,POCA,10,0,0,0,20,70,2,2,A.PE.P.V,4,36,1.8,.
8.6.2016,H004D100,VERO,1,3,0,0,36,30,22,4,A.PE.P.V,4,26,0.7222222222,.
8.6.2016,H004D100,VERO,2,9,1,0,45,50,33,4,A.PE.P.V,4,41.5,0.9222222222,.
8.12.2016,H005D100,ARCA,1,1,0,0,65,41,34,4,A.PE.P.V,4,37.5,0.5769230769,.
8.12.2016,H005D100,ARCA,2,1,0,0,54,31,19,4,A.PE.P.V,4,25,0.462962963,.
8.12.2016,H005D100,ARCA,3,1,0,0,59,59,38,4,A.PE.P.V,4,48.5,0.8220338983,.
8.12.2016,H005D100,ARCA,4,1,0,0,57,25,11,4,A.PE.P.V,4,18,0.3157894737,.
8.12.2016,H005D100,ARCA,5,4,0,0,52,70,46,4,A.PE.P.V,4,58,1.1153846154,.
8.12.2016,H005D100,ARCA,6,3,0,0,74,77,68,4,A.PE.P.V,4,72.5,0.9797297297,.
8.12.2016,H005D100,ARCA,7,1,0,0,46,30,25,4,A.PE.P.V,4,27.5,0.597826087,.
8.12.2016,H005D100,ARCA,8,1,0,0,51,32,18,4,A.PE.P.V,4,25,0.4901960784,.
8.12.2016,H005D100,ARCA,9,3,0,0,50,40,23,4,A.PE.P.V,4,31.5,0.63,.
8.12.2016,H005D100,ARCA,10,1,0,0,48,30,7,4,A.PE.P.V,4,18.5,0.3854166667,.
8.12.2016,H005D100,PEAI,1,0,0,0,26,14,6,2,A.PE.P.V,4,10,0.3846153846,.
8.12.2016,H005D100,PEAI,2,0,0,0,23,11,7,2,A.PE.P.V,4,9,0.3913043478,.
8.12.2016,H005D100,PEAI,3,0,0,0,22,19,5,2,A.PE.P.V,4,12,0.5454545455,.
8.12.2016,H005D100,PEAI,4,0,0,0,21,12,8,2,A.PE.P.V,4,10,0.4761904762,.
8.12.2016,H005D100,PEAI,5,0,0,0,24,8,4,2,A.PE.P.V,4,6,0.25,.
8.12.2016,H005D100,PEAI,6,0,0,0,20,12,3,2,A.PE.P.V,4,7.5,0.375,.
8.12.2016,H005D100,PEAI,7,0,0,0,26,19,3,2,A.PE.P.V,4,11,0.4230769231,.
8.12.2016,H005D100,PEAI,8,0,0,0,22,9,5,2,A.PE.P.V,4,7,0.3181818182,.
8.12.2016,H005D100,PEAI,9,0,0,0,17,7,3,2,A.PE.P.V,4,5,0.2941176471,.
8.12.2016,H005D100,PEAI,10,0,0,0,29,17,11,2,A.PE.P.V,4,14,0.4827586207,.
8.12.2016,H005D100,POCA,1,1,0,0,121,28,9,4,A.PE.P.V,4,18.5,0.152892562,.
8.12.2016,H005D100,VERO,1,5,0,0,62,81,46,4,A.PE.P.V,4,63.5,1.0241935484,.
8.12.2016,H005D100,VERO,2,11,0,0,34,59,23,4,A.PE.P.V,4,41,1.2058823529,.
8.12.2016,H005D100,VERO,3,12,0,0,66,64,88,4,A.PE.P.V,4,76,1.1515151515,.
8.12.2016,H005D100,VERO,4,5,0,0,50,37,16,4,A.PE.P.V,4,26.5,0.53,.
8.12.2016,H005D100,VERO,5,4,0,0,39,27,18,4,A.PE.P.V,4,22.5,0.5769230769,.
8.12.2016,H005D100,VERO,6,10,0,0,48,64,41,4,A.PE.P.V,4,52.5,1.09375,.
8.12.2016,H005D100,VERO,7,22,0,0,77,152,99,4,A.PE.P.V,4,125.5,1.6298701299,.
8.12.2016,H005D100,VERO,8,6,0,0,42,43,21,4,A.PE.P.V,4,32,0.7619047619,.
8.12.2016,H005D100,VERO,9,17,0,0,50,91,62,4,A.PE.P.V,4,76.5,1.53,.
8.12.2016,H005D100,VERO,10,0,0,0,42,41,24,4,A.PE.P.V,4,32.5,0.7738095238,.
8.14.2016,H006D100,ARCA,1,1,0,0,49,55,25,4,A.PE.P,3,40,0.8163265306,.
8.14.2016,H006D100,ARCA,2,1,0,0,70,72,4,4,A.PE.P,3,38,0.5428571429,.
8.14.2016,H006D100,ARCA,3,2,0,0,52,78,15,4,A.PE.P,3,46.5,0.8942307692,.
8.14.2016,H006D100,ARCA,4,1,1,0,100,54,12,6,A.PE.P,3,33,0.33,.
8.14.2016,H006D100,ARCA,5,0,0,0,40,90,25,2,A.PE.P,3,57.5,1.4375,.
8.14.2016,H006D100,ARCA,6,1,0,0,55,75,46,4,A.PE.P,3,60.5,1.1,.
8.14.2016,H006D100,ARCA,7,1,0,0,39,54,52,4,A.PE.P,3,53,1.358974359,.
8.14.2016,H006D100,ARCA,8,0,0,0,40,75,48,2,A.PE.P,3,61.5,1.5375,.
8.14.2016,H006D100,ARCA,9,1,0,0,32,93,36,4,A.PE.P,3,64.5,2.015625,.
8.14.2016,H006D100,ARCA,10,1,0,0,40,56,11,4,A.PE.P,3,33.5,0.8375,.
8.14.2016,H006D100,PEAI,1,0,0,0,43,36,3,2,A.PE.P,3,19.5,0.4534883721,.
8.14.2016,H006D100,PEAI,2,0,0,0,42,20,3,2,A.PE.P,3,11.5,0.2738095238,.
8.14.2016,H006D100,PEAI,3,0,0,0,49,30,21,2,A.PE.P,3,25.5,0.5204081633,.
8.14.2016,H006D100,PEAI,4,0,0,0,14,22,5,2,A.PE.P,3,13.5,0.9642857143,.
8.14.2016,H006D100,PEAI,5,0,0,0,42,27,2,2,A.PE.P,3,14.5,0.3452380952,.
8.14.2016,H006D100,PEAI,6,0,0,0,12,25,6,2,A.PE.P,3,15.5,1.2916666667,.
8.14.2016,H006D100,PEAI,7,0,0,0,49,35,6,2,A.PE.P,3,20.5,0.4183673469,.
8.14.2016,H006D100,PEAI,8,0,0,0,42,28,12,2,A.PE.P,3,20,0.4761904762,.
8.14.2016,H006D100,PEAI,9,1,0,0,70,40,11,4,A.PE.P,3,25.5,0.3642857143,.
8.14.2016,H006D100,PEAI,10,1,0,0,63,40,33,4,A.PE.P,3,36.5,0.5793650794,.
8.14.2016,H006D100,POCA,1,1,0,0,81,23,5,4,A.PE.P,3,14,0.1728395062,.
8.14.2016,H006D100,POCA,2,1,0,0,85,36,15,4,A.PE.P,3,25.5,0.3,.
8.14.2016,H006D100,POCA,3,0,0,0,111,87,23,4,A.PE.P,3,55,0.4954954955,.
7.29.2016,H007D100,PEAI,1,0,0,0,23,20,2,2,PE.P.V,3,11,0.4782608696,.
7.29.2016,H007D100,PEAI,2,0,0,0,15,18,5,2,PE.P.V,3,11.5,0.7666666667,.
7.29.2016,H007D100,PEAI,3,0,0,0,26,21,4,2,PE.P.V,3,12.5,0.4807692308,.
7.29.2016,H007D100,PEAI,4,0,0,0,16,17,3,2,PE.P.V,3,10,0.625,.
7.29.2016,H007D100,PEAI,5,0,0,0,24,21,2,2,PE.P.V,3,11.5,0.4791666667,.
7.29.2016,H007D100,PEAI,6,0,0,0,25,23,11,2,PE.P.V,3,17,0.68,.
7.29.2016,H007D100,PEAI,7,0,0,0,27,20,9,2,PE.P.V,3,14.5,0.537037037,.
7.29.2016,H007D100,PEAI,8,0,0,0,16,14,4,2,PE.P.V,3,9,0.5625,.
7.29.2016,H007D100,PEAI,9,0,0,0,34,26,5,2,PE.P.V,3,15.5,0.4558823529,.
7.29.2016,H007D100,PEAI,10,0,0,0,29,24,13,2,PE.P.V,3,18.5,0.6379310345,.
7.29.2016,H007D100,POCA,1,0,0,0,48,40,8,2,PE.P.V,3,24,0.5,.
7.29.2016,H007D100,POCA,2,1,0,0,41,36,15,4,PE.P.V,3,25.5,0.6219512195,.
7.29.2016,H007D100,POCA,3,2,0,0,64,72,22,4,PE.P.V,3,47,0.734375,.
7.29.2016,H007D100,VERO,1,17,0,0,50,72,60,4,PE.P.V,3,66,1.32,.
7.29.2016,H007D100,VERO,2,14,0,0,42,85,40,4,PE.P.V,3,62.5,1.4880952381,.
7.29.2016,H008D100,POCA,1,1,0,0,32,21,8,4,P.V,2,14.5,0.453125,.
7.29.2016,H008D100,POCA,2,0,0,0,10,12,7,2,P.V,2,9.5,0.95,.
7.29.2016,H008D100,POCA,3,0,0,0,15,5,3,2,P.V,2,4,0.2666666667,.
7.29.2016,H008D100,POCA,4,0,0,0,16,13,3,2,P.V,2,8,0.5,.
7.29.2016,H008D100,POCA,5,1,0,0,14,15,2,4,P.V,2,8.5,0.6071428571,.
7.29.2016,H008D100,POCA,6,0,0,0,18,19,10,2,P.V,2,14.5,0.8055555556,.
7.29.2016,H008D100,POCA,7,0,0,0,11,16,8,2,P.V,2,12,1.0909090909,.
7.29.2016,H008D100,POCA,8,0,0,0,10,7,2,2,P.V,2,4.5,0.45,.
7.29.2016,H008D100,POCA,9,0,0,0,23,10,2,2,P.V,2,6,0.2608695652,.
7.29.2016,H008D100,VERO,1,2,0,0,13,18,12,4,P.V,2,15,1.1538461538,.
7.29.2016,H008D100,VERO,2,2,0,0,15,16,10,4,P.V,2,13,0.8666666667,.
7.29.2016,H008D100,VERO,3,1,0,0,11,14,9,4,P.V,2,11.5,1.0454545455,.
7.29.2016,H008D100,VERO,4,3,0,0,16,17,11,4,P.V,2,14,0.875,.
7.29.2016,H008D100,VERO,5,1,0,0,12,15,11,4,P.V,2,13,1.0833333333,.
7.29.2016,H008D100,VERO,6,1,0,0,17,21,12,4,P.V,2,16.5,0.9705882353,.
7.29.2016,H008D100,VERO,7,3,0,0,16,25,15,4,P.V,2,20,1.25,.
7.29.2016,H008D100,VERO,8,1,0,0,10,11,8,4,P.V,2,9.5,0.95,.
7.29.2016,H008D100,VERO,9,1,0,0,20,21,10,4,P.V,2,15.5,0.775,.
7.29.2016,H008D100,VERO,10,3,0,0,18,22,11,4,P.V,2,16.5,0.9166666667,.
8.28.2016,H009D100,ARCA,1,2,0,0,94,50,19,5,A.PE.P.V,4,34.5,0.3670212766,.
8.28.2016,H009D100,ARCA,2,2,1,0,135,52,45,6,A.PE.P.V,4,48.5,0.3592592593,.
8.28.2016,H009D100,ARCA,3,1,1,2,143,151,59,8,A.PE.P.V,4,105,0.7342657343,.
8.28.2016,H009D100,ARCA,4,1,0,0,65,66,45,5,A.PE.P.V,4,55.5,0.8538461538,.
8.28.2016,H009D100,ARCA,5,2,0,0,80,64,50,5,A.PE.P.V,4,57,0.7125,.
8.28.2016,H009D100,ARCA,6,2,1,0,96,82,40,6,A.PE.P.V,4,61,0.6354166667,.
8.28.2016,H009D100,ARCA,7,3,0,0,83,75,44,5,A.PE.P.V,4,59.5,0.7168674699,.
8.28.2016,H009D100,PEAI,1,.,.,.,.,.,.,.,A.PE.P.V,4,.,.,NOT PEAI
8.28.2016,H009D100,PEAI,2,.,.,.,.,.,.,.,A.PE.P.V,4,.,.,NOT PEAI
8.28.2016,H009D100,PEAI,3,.,.,.,.,.,.,.,A.PE.P.V,4,.,.,NOT PEAI
8.28.2016,H009D100,PEAI,4,.,.,.,.,.,.,.,A.PE.P.V,4,.,.,NOT PEAI
8.28.2016,H009D100,PEAI,5,.,.,.,.,.,.,.,A.PE.P.V,4,.,.,NOT PEAI
8.28.2016,H009D100,PEAI,6,.,.,.,.,.,.,.,A.PE.P.V,4,.,.,NOT PEAI
8.28.2016,H009D100,PEAI,7,.,.,.,.,.,.,.,A.PE.P.V,4,.,.,NOT PEAI
8.28.2016,H009D100,PEAI,8,.,.,.,.,.,.,.,A.PE.P.V,4,.,.,NOT PEAI
8.28.2016,H009D100,PEAI,9,.,.,.,.,.,.,.,A.PE.P.V,4,.,.,NOT PEAI
8.28.2016,H009D100,PEAI,10,.,.,.,.,.,.,.,A.PE.P.V,4,.,.,NOT PEAI
8.28.2016,H009D100,POCA,1,5,0,0,110,112,31,5,A.PE.P.V,4,71.5,0.65,.
8.28.2016,H009D100,POCA,2,34,0,0,35,265,254,5,A.PE.P.V,4,259.5,7.4142857143,.
8.28.2016,H009D100,POCA,3,.,.,.,.,.,.,.,A.PE.P.V,4,.,.,DIED
8.28.2016,H009D100,POCA,4,3,0,0,171,169,12,5,A.PE.P.V,4,90.5,0.5292397661,.
8.28.2016,H009D100,POCA,5,2,0,0,119,120,10,4,A.PE.P.V,4,65,0.5462184874,.
8.28.2016,H009D100,VERO,1,11,3,3,94,350,105,8,A.PE.P.V,4,227.5,2.420212766,.
8.28.2016,H009D100,VERO,2,9,1,0,45,117,42,6,A.PE.P.V,4,79.5,1.7666666667,.
8.28.2016,H009D100,VERO,3,7,0,0,40,52,16,5,A.PE.P.V,4,34,0.85,.
8.28.2016,H009D100,VERO,4,1,1,0,35,73,21,6,A.PE.P.V,4,47,1.3428571429,.
8.6.2016,H009D100,ARCA,1,1,0,0,41,72,48,4,A.PE.P.V,4,60,1.4634146341,.
8.6.2016,H009D100,ARCA,2,3,0,0,73,84,56,4,A.PE.P.V,4,70,0.9589041096,.
8.6.2016,H009D100,ARCA,3,3,0,0,103,123,111,4,A.PE.P.V,4,117,1.1359223301,.
8.6.2016,H009D100,ARCA,4,1,0,0,69,43,32,4,A.PE.P.V,4,37.5,0.5434782609,.
8.6.2016,H009D100,ARCA,5,1,0,0,90,36,24,4,A.PE.P.V,4,30,0.3333333333,.
8.6.2016,H009D100,ARCA,6,1,0,0,84,86,72,4,A.PE.P.V,4,79,0.9404761905,.
8.6.2016,H009D100,ARCA,7,1,0,0,68,46,42,4,A.PE.P.V,4,44,0.6470588235,.
8.6.2016,H009D100,PEAI,1,0,0,0,90,50,3,2,A.PE.P.V,4,26.5,0.2944444444,NOT PEAI
8.6.2016,H009D100,PEAI,2,0,0,0,81,54,23,2,A.PE.P.V,4,38.5,0.475308642,NOT PEAI
8.6.2016,H009D100,PEAI,3,0,0,0,108,88,40,2,A.PE.P.V,4,64,0.5925925926,NOT PEAI
8.6.2016,H009D100,PEAI,4,0,0,0,95,35,2,2,A.PE.P.V,4,18.5,0.1947368421,NOT PEAI
8.6.2016,H009D100,PEAI,5,0,0,0,73,32,26,2,A.PE.P.V,4,29,0.397260274,NOT PEAI
8.6.2016,H009D100,PEAI,6,0,0,0,80,62,33,2,A.PE.P.V,4,47.5,0.59375,NOT PEAI
8.6.2016,H009D100,PEAI,7,0,0,0,105,34,21,2,A.PE.P.V,4,27.5,0.2619047619,NOT PEAI
8.6.2016,H009D100,PEAI,8,0,0,0,100,60,4,2,A.PE.P.V,4,32,0.32,NOT PEAI
8.6.2016,H009D100,PEAI,9,0,0,0,90,50,15,2,A.PE.P.V,4,32.5,0.3611111111,NOT PEAI
8.6.2016,H009D100,PEAI,10,0,0,0,74,46,22,2,A.PE.P.V,4,34,0.4594594595,NOT PEAI
8.6.2016,H009D100,POCA,1,3,0,0,101,52,25,4,A.PE.P.V,4,38.5,0.3811881188,.
8.6.2016,H009D100,POCA,2,18,0,0,252,195,179,4,A.PE.P.V,4,187,0.7420634921,.
8.6.2016,H009D100,POCA,3,0,0,0,56,23,8,2,A.PE.P.V,4,15.5,0.2767857143,.
8.6.2016,H009D100,POCA,4,1,0,0,123,51,29,4,A.PE.P.V,4,40,0.325203252,.
8.6.2016,H009D100,POCA,5,0,0,0,73,58,30,2,A.PE.P.V,4,44,0.602739726,.
8.6.2016,H009D100,VERO,1,14,0,0,58,162,60,4,A.PE.P.V,4,111,1.9137931034,.
8.6.2016,H009D100,VERO,2,6,0,0,37,62,30,4,A.PE.P.V,4,46,1.2432432432,.
8.6.2016,H009D100,VERO,3,1,0,0,30,31,20,4,A.PE.P.V,4,25.5,0.85,.
8.6.2016,H009D100,VERO,4,2,0,0,25,26,16,4,A.PE.P.V,4,21,0.84,.
8.28.2016,H010D100,ARCA,1,1,1,0,109,67,15,6,A.PE.P,3,41,0.376146789,.
8.28.2017,H010D100,ARCA,2,1,0,0,57,35,22,5,A.PE.P,3,28.5,0.5,.
8.28.2018,H010D100,ARCA,3,2,0,0,95,48,11,5,A.PE.P,3,29.5,0.3105263158,.
8.28.2019,H010D100,ARCA,4,1,0,0,54,20,8,5,A.PE.P,3,14,0.2592592593,.
8.28.2020,H010D100,ARCA,5,2,0,0,67,100,97,5,A.PE.P,3,98.5,1.4701492537,.
8.28.2021,H010D100,ARCA,6,2,0,0,71,40,7,5,A.PE.P,3,23.5,0.3309859155,.
8.28.2022,H010D100,ARCA,7,1,0,0,77,35,34,5,A.PE.P,3,34.5,0.4480519481,.
8.28.2023,H010D100,ARCA,8,0,0,0,42,8,3,3,A.PE.P,3,5.5,0.130952381,.
8.28.2024,H010D100,ARCA,9,3,1,0,83,72,25,6,A.PE.P,3,48.5,0.5843373494,.
8.28.2025,H010D100,ARCA,10,1,0,0,55,40,5,5,A.PE.P,3,22.5,0.4090909091,.
8.28.2028,H010D100,POCA,1,4,0,0,217,62,11,5,A.PE.P,3,36.5,0.168202765,.
8.28.2029,H010D100,POCA,2,2,0,0,201,51,20,5,A.PE.P,3,35.5,0.1766169154,.
8.28.2030,H010D100,POCA,3,2,0,0,210,50,9,5,A.PE.P,3,29.5,0.1404761905,.
8.28.2031,H010D100,POCA,4,1,0,0,882,68,35,4,A.PE.P,3,51.5,0.0583900227,.
8.6.2016,H010D100,ARCA,1,5,0,0,99,82,43,4,A.PE.P,3,62.5,0.6313131313,.
8.6.2016,H010D100,ARCA,2,1,0,0,54,43,37,4,A.PE.P,3,40,0.7407407407,.
8.6.2016,H010D100,ARCA,3,2,0,0,80,48,43,4,A.PE.P,3,45.5,0.56875,.
8.6.2016,H010D100,ARCA,4,1,0,0,49,44,23,4,A.PE.P,3,33.5,0.6836734694,.
8.6.2016,H010D100,ARCA,5,3,0,0,102,86,69,4,A.PE.P,3,77.5,0.7598039216,.
8.6.2016,H010D100,ARCA,6,1,0,0,63,62,33,4,A.PE.P,3,47.5,0.753968254,.
8.6.2016,H010D100,ARCA,7,1,0,0,72,52,26,4,A.PE.P,3,39,0.5416666667,.
8.6.2016,H010D100,ARCA,8,0,0,0,67,38,3,2,A.PE.P,3,20.5,0.3059701493,.
8.6.2016,H010D100,ARCA,9,3,0,0,65,78,46,4,A.PE.P,3,62,0.9538461538,.
8.6.2016,H010D100,ARCA,10,1,0,0,98,54,27,4,A.PE.P,3,40.5,0.4132653061,.
8.6.2016,H010D100,PEAI,1,0,0,0,31,17,9,2,A.PE.P,3,13,0.4193548387,.
8.6.2016,H010D100,PEAI,2,0,0,0,84,26,6,2,A.PE.P,3,16,0.1904761905,.
8.6.2016,H010D100,POCA,1,2,0,0,138,33,18,4,A.PE.P,3,25.5,0.1847826087,.
8.6.2016,H010D100,POCA,2,1,0,0,191,52,20,4,A.PE.P,3,36,0.1884816754,.
8.6.2016,H010D100,POCA,3,1,0,0,143,68,20,4,A.PE.P,3,44,0.3076923077,.
8.6.2016,H010D100,POCA,4,0,0,0,31,48,10,2,A.PE.P,3,29,0.935483871,.
8.6.2016,H010D100,POCA,5,0,0,0,66,47,1,2,A.PE.P,3,24,0.3636363636,.
8.12.2016,H011D100,ARCA,1,4,3,0,232,135,86,6,A.P.V,3,110.5,0.4762931034,.
8.12.2016,H011D100,ARCA,2,3,3,0,151,161,72,6,A.P.V,3,116.5,0.7715231788,.
8.12.2016,H011D100,ARCA,3,5,0,0,122,126,108,4,A.P.V,3,117,0.9590163934,.
8.12.2016,H011D100,ARCA,4,7,0,0,151,191,112,4,A.P.V,3,151.5,1.0033112583,.
8.12.2016,H011D100,ARCA,5,0,0,0,44,29,8,2,A.P.V,3,18.5,0.4204545455,.
8.12.2016,H011D100,ARCA,6,1,0,0,90,56,41,4,A.P.V,3,48.5,0.5388888889,.
8.12.2016,H011D100,ARCA,7,1,0,0,99,48,14,4,A.P.V,3,31,0.3131313131,.
8.12.2016,H011D100,ARCA,8,3,0,0,98,85,62,4,A.P.V,3,73.5,0.75,.
8.12.2016,H011D100,ARCA,9,2,0,0,42,35,28,4,A.P.V,3,31.5,0.75,.
8.12.2016,H011D100,ARCA,10,1,0,0,70,64,41,4,A.P.V,3,52.5,0.75,.
8.12.2016,H011D100,POCA,1,5,0,0,249,77,59,4,A.P.V,3,68,0.2730923695,.
8.12.2016,H011D100,POCA,2,2,0,0,232,92,41,4,A.P.V,3,66.5,0.286637931,.
8.12.2016,H011D100,POCA,3,6,0,0,296,131,68,4,A.P.V,3,99.5,0.3361486486,.
8.12.2016,H011D100,POCA,4,1,0,0,240,73,29,4,A.P.V,3,51,0.2125,.
8.12.2016,H011D100,POCA,5,2,0,0,210,58,22,4,A.P.V,3,40,0.1904761905,.
8.12.2016,H011D100,POCA,6,5,0,0,398,84,36,4,A.P.V,3,60,0.1507537688,.
8.12.2016,H011D100,POCA,7,4,0,0,288,79,30,4,A.P.V,3,54.5,0.1892361111,.
8.12.2016,H011D100,POCA,8,1,0,0,152,46,33,4,A.P.V,3,39.5,0.2598684211,.
8.12.2016,H011D100,POCA,9,4,0,0,335,99,43,4,A.P.V,3,71,0.2119402985,.
8.12.2016,H011D100,POCA,10,1,0,0,160,39,26,4,A.P.V,3,32.5,0.203125,.
8.12.2016,H011D100,VERO,1,10,0,0,74,72,27,4,A.P.V,3,49.5,0.6689189189,.
8.12.2016,H011D100,VERO,2,9,0,0,80,69,28,4,A.P.V,3,48.5,0.60625,.
8.12.2016,H012D100,ARCA,1,1,0,0,47,17,15,4,A.PE.V,3,16,0.3404255319,.
8.12.2016,H012D100,ARCA,2,2,0,0,72,82,24,4,A.PE.V,3,53,0.7361111111,.
8.12.2016,H012D100,ARCA,3,2,0,0,60,47,26,4,A.PE.V,3,36.5,0.6083333333,.
8.12.2016,H012D100,ARCA,4,3,0,0,86,61,54,4,A.PE.V,3,57.5,0.6686046512,.
8.12.2016,H012D100,ARCA,5,1,0,0,30,29,11,4,A.PE.V,3,20,0.6666666667,.
8.12.2016,H012D100,ARCA,6,2,0,0,85,77,51,4,A.PE.V,3,64,0.7529411765,.
8.12.2016,H012D100,ARCA,7,1,0,0,46,21,15,4,A.PE.V,3,18,0.3913043478,.
8.12.2016,H012D100,ARCA,8,2,0,0,69,55,46,4,A.PE.V,3,50.5,0.731884058,.
8.12.2016,H012D100,ARCA,9,1,0,0,52,31,9,4,A.PE.V,3,20,0.3846153846,.
8.12.2016,H012D100,ARCA,10,3,0,0,53,71,53,4,A.PE.V,3,62,1.1698113208,.
8.12.2016,H012D100,PEAI,1,0,0,0,25,9,2,2,A.PE.V,3,5.5,0.22,.
8.12.2016,H012D100,PEAI,2,0,0,0,18,11,2,2,A.PE.V,3,6.5,0.3611111111,.
8.12.2016,H012D100,PEAI,3,0,0,0,36,15,6,2,A.PE.V,3,10.5,0.2916666667,.
8.12.2016,H012D100,PEAI,4,0,0,0,18,4,2,2,A.PE.V,3,3,0.1666666667,.
8.12.2016,H012D100,PEAI,5,0,0,0,17,6,4,2,A.PE.V,3,5,0.2941176471,.
8.12.2016,H012D100,PEAI,6,0,0,0,19,8,2,2,A.PE.V,3,5,0.2631578947,.
8.12.2016,H012D100,PEAI,7,0,0,0,28,22,5,2,A.PE.V,3,13.5,0.4821428571,.
8.12.2016,H012D100,PEAI,8,0,0,0,11,4,1,2,A.PE.V,3,2.5,0.2272727273,.
8.12.2016,H012D100,PEAI,9,0,0,0,5,3,1,2,A.PE.V,3,2,0.4,.
8.12.2016,H012D100,PEAI,10,0,0,0,15,6,3,2,A.PE.V,3,4.5,0.3,.
8.12.2016,H012D100,VERO,1,8,0,0,37,39,28,4,A.PE.V,3,33.5,0.9054054054,.
8.12.2016,H012D100,VERO,2,7,0,0,23,27,20,4,A.PE.V,3,23.5,1.0217391304,.
8.12.2016,H012D100,VERO,3,1,0,0,14,16,8,4,A.PE.V,3,12,0.8571428571,.
8.12.2016,H012D100,VERO,4,3,0,0,46,33,26,4,A.PE.V,3,29.5,0.6413043478,.
8.12.2016,H012D100,VERO,5,2,0,0,35,16,12,4,A.PE.V,3,14,0.4,.
8.12.2016,H012D100,VERO,6,5,0,0,31,26,15,4,A.PE.V,3,20.5,0.6612903226,.
8.12.2016,H012D100,VERO,7,12,0,0,64,80,59,4,A.PE.V,3,69.5,1.0859375,.
8.12.2016,H012D100,VERO,8,5,0,0,34,36,21,4,A.PE.V,3,28.5,0.8382352941,.
8.12.2016,H012D100,VERO,9,22,0,0,39,82,61,4,A.PE.V,3,71.5,1.8333333333,.
8.12.2016,H012D100,VERO,10,1,0,0,17,13,9,4,A.PE.V,3,11,0.6470588235,.
8.12.2016,H013D100,ARCA,1,2,0,0,46,48,27,4,A.P.V,3,37.5,0.8152173913,.
8.12.2016,H013D100,ARCA,2,1,0,0,37,22,13,4,A.P.V,3,17.5,0.472972973,.
8.12.2016,H013D100,ARCA,3,1,0,0,65,51,39,4,A.P.V,3,45,0.6923076923,.
8.12.2016,H013D100,ARCA,4,3,0,0,77,111,22,4,A.P.V,3,66.5,0.8636363636,.
8.12.2016,H013D100,ARCA,5,2,0,0,45,52,34,4,A.P.V,3,43,0.9555555556,.
8.12.2016,H013D100,ARCA,6,4,0,0,61,62,38,4,A.P.V,3,50,0.8196721311,.
8.12.2016,H013D100,ARCA,7,5,0,0,72,75,54,4,A.P.V,3,64.5,0.8958333333,.
8.12.2016,H013D100,ARCA,8,3,0,0,50,83,52,4,A.P.V,3,67.5,1.35,.
8.12.2016,H013D100,ARCA,9,3,0,0,44,50,43,4,A.P.V,3,46.5,1.0568181818,.
8.12.2016,H013D100,ARCA,10,0,1,0,37,66,17,6,A.P.V,3,41.5,1.1216216216,.
8.12.2016,H013D100,POCA,1,1,0,0,45,24,23,4,A.P.V,3,23.5,0.5222222222,.
8.12.2016,H013D100,POCA,2,2,0,0,121,57,42,4,A.P.V,3,49.5,0.4090909091,.
8.12.2016,H013D100,POCA,3,1,0,0,60,27,14,4,A.P.V,3,20.5,0.3416666667,.
8.12.2016,H013D100,POCA,4,1,0,0,55,20,17,4,A.P.V,3,18.5,0.3363636364,.
8.12.2016,H013D100,POCA,5,1,0,0,71,36,22,4,A.P.V,3,29,0.4084507042,.
8.12.2016,H013D100,POCA,6,1,0,0,56,29,12,4,A.P.V,3,20.5,0.3660714286,.
8.12.2016,H013D100,POCA,7,0,0,0,54,18,11,2,A.P.V,3,14.5,0.2685185185,.
8.12.2016,H013D100,POCA,8,1,0,0,16,50,43,4,A.P.V,3,46.5,2.90625,.
8.12.2016,H013D100,POCA,9,1,0,0,62,30,21,4,A.P.V,3,25.5,0.4112903226,.
8.12.2016,H013D100,POCA,10,0,0,0,63,9,5,2,A.P.V,3,7,0.1111111111,.
8.12.2016,H013D100,VERO,1,3,0,0,17,24,18,4,A.P.V,3,21,1.2352941176,.
8.12.2016,H013D100,VERO,2,8,0,0,18,24,21,4,A.P.V,3,22.5,1.25,.
8.12.2016,H013D100,VERO,3,8,0,0,39,36,23,4,A.P.V,3,29.5,0.7564102564,.
8.12.2016,H013D100,VERO,4,5,0,0,28,24,16,4,A.P.V,3,20,0.7142857143,.
8.12.2016,H013D100,VERO,5,9,0,0,35,47,38,4,A.P.V,3,42.5,1.2142857143,.
8.12.2016,H013D100,VERO,6,5,0,0,52,63,32,4,A.P.V,3,47.5,0.9134615385,.
8.12.2016,H013D100,VERO,7,5,0,0,33,45,16,4,A.P.V,3,30.5,0.9242424242,.
8.12.2016,H013D100,VERO,8,10,0,0,31,74,58,4,A.P.V,3,66,2.1290322581,.
8.12.2016,H013D100,VERO,9,19,1,0,61,186,32,6,A.P.V,3,109,1.7868852459,.
8.12.2016,H013D100,VERO,10,3,0,0,32,24,21,4,A.P.V,3,22.5,0.703125,.
8.12.2016,H014D100,ARCA,1,1,0,0,39,88,15,4,A.PE.P.V,4,51.5,1.3205128205,.
8.12.2016,H014D100,ARCA,2,1,0,0,54,48,29,4,A.PE.P.V,4,38.5,0.712962963,.
8.12.2016,H014D100,ARCA,3,0,0,0,46,28,12,2,A.PE.P.V,4,20,0.4347826087,.
8.12.2016,H014D100,ARCA,4,2,0,0,44,29,21,4,A.PE.P.V,4,25,0.5681818182,.
8.12.2016,H014D100,ARCA,5,2,0,0,65,59,41,4,A.PE.P.V,4,50,0.7692307692,.
8.12.2016,H014D100,ARCA,6,17,1,0,139,174,123,6,A.PE.P.V,4,148.5,1.0683453237,.
8.12.2016,H014D100,ARCA,7,2,0,0,40,39,29,4,A.PE.P.V,4,34,0.85,.
8.12.2016,H014D100,ARCA,8,1,0,0,58,32,15,4,A.PE.P.V,4,23.5,0.4051724138,.
8.12.2016,H014D100,ARCA,9,3,0,0,61,49,38,4,A.PE.P.V,4,43.5,0.7131147541,.
8.12.2016,H014D100,ARCA,10,3,0,0,68,63,11,4,A.PE.P.V,4,37,0.5441176471,.
8.12.2016,H014D100,PEAI,1,0,0,0,14,9,4,2,A.PE.P.V,4,6.5,0.4642857143,.
8.12.2016,H014D100,PEAI,2,1,0,0,49,22,9,4,A.PE.P.V,4,15.5,0.3163265306,.
8.12.2016,H014D100,PEAI,3,0,0,0,22,10,3,2,A.PE.P.V,4,6.5,0.2954545455,.
8.12.2016,H014D100,PEAI,4,0,0,0,36,25,10,2,A.PE.P.V,4,17.5,0.4861111111,.
8.12.2016,H014D100,PEAI,5,0,0,0,46,24,11,2,A.PE.P.V,4,17.5,0.3804347826,.
8.12.2016,H014D100,POCA,1,4,0,0,107,74,66,4,A.PE.P.V,4,70,0.6542056075,.
8.12.2016,H014D100,POCA,2,1,0,0,129,72,42,4,A.PE.P.V,4,57,0.4418604651,.
8.12.2016,H014D100,POCA,3,1,0,0,98,30,16,4,A.PE.P.V,4,23,0.2346938776,.
8.12.2016,H014D100,POCA,4,1,0,0,85,46,39,4,A.PE.P.V,4,42.5,0.5,.
8.12.2016,H014D100,POCA,5,18,0,0,164,127,100,4,A.PE.P.V,4,113.5,0.6920731707,.
8.12.2016,H014D100,POCA,6,1,0,0,139,47,38,4,A.PE.P.V,4,42.5,0.3057553957,.
8.12.2016,H014D100,POCA,7,0,0,0,71,49,26,2,A.PE.P.V,4,37.5,0.5281690141,.
8.12.2016,H014D100,VERO,1,7,0,0,61,58,34,4,A.PE.P.V,4,46,0.7540983607,.
8.12.2016,H014D100,VERO,2,3,0,0,37,33,12,4,A.PE.P.V,4,22.5,0.6081081081,.
8.12.2016,H014D100,VERO,3,18,0,0,45,76,54,4,A.PE.P.V,4,65,1.4444444444,.
8.12.2016,H014D100,VERO,4,7,0,0,47,54,23,4,A.PE.P.V,4,38.5,0.8191489362,.
8.12.2016,H014D100,VERO,5,6,0,0,39,60,34,4,A.PE.P.V,4,47,1.2051282051,.
8.12.2016,H014D100,VERO,6,9,0,0,47,83,51,4,A.PE.P.V,4,67,1.4255319149,.
8.12.2016,H014D100,VERO,7,4,0,0,26,37,18,4,A.PE.P.V,4,27.5,1.0576923077,.
8.12.2016,H014D100,VERO,8,7,0,0,42,51,43,4,A.PE.P.V,4,47,1.119047619,.
8.12.2016,H014D100,VERO,9,8,0,0,26,26,17,4,A.PE.P.V,4,21.5,0.8269230769,.
8.12.2016,H014D100,VERO,10,3,0,0,32,35,19,4,A.PE.P.V,4,27,0.84375,.
8.15.2016,H021D100,ARCA,1,1,0,0,28,21,14,4,A.PE.P.V,4,17.5,0.625,.
8.15.2016,H021D100,PEAI,1,0,0,0,29,10,3,2,A.PE.P.V,4,6.5,0.224137931,.
8.15.2016,H021D100,PEAI,2,0,0,0,23,8,1,2,A.PE.P.V,4,4.5,0.1956521739,.
8.15.2016,H021D100,PEAI,3,0,0,0,22,7,1,2,A.PE.P.V,4,4,0.1818181818,.
8.15.2016,H021D100,PEAI,4,0,0,0,33,11,1,2,A.PE.P.V,4,6,0.1818181818,.
8.15.2016,H021D100,PEAI,5,0,0,0,15,4,1,2,A.PE.P.V,4,2.5,0.1666666667,.
8.15.2016,H021D100,PEAI,6,0,0,0,10,6,1,2,A.PE.P.V,4,3.5,0.35,.
8.15.2016,H021D100,PEAI,7,0,0,0,18,15,10,2,A.PE.P.V,4,12.5,0.6944444444,.
8.15.2016,H021D100,PEAI,8,0,0,0,22,10,1,2,A.PE.P.V,4,5.5,0.25,.
8.15.2016,H021D100,PEAI,9,0,0,0,34,15,3,2,A.PE.P.V,4,9,0.2647058824,.
8.15.2016,H021D100,PEAI,10,0,0,0,39,11,1,2,A.PE.P.V,4,6,0.1538461538,.
8.15.2016,H021D100,POCA,1,0,0,0,28,14,5,2,A.PE.P.V,4,9.5,0.3392857143,.
8.15.2016,H021D100,POCA,2,0,0,0,24,10,3,2,A.PE.P.V,4,6.5,0.2708333333,.
8.15.2016,H021D100,POCA,3,0,0,0,35,12,11,2,A.PE.P.V,4,11.5,0.3285714286,.
8.15.2016,H021D100,POCA,4,0,0,0,53,27,11,2,A.PE.P.V,4,19,0.358490566,.
8.15.2016,H021D100,POCA,5,0,0,0,19,10,3,2,A.PE.P.V,4,6.5,0.3421052632,.
8.15.2016,H021D100,POCA,6,0,0,0,24,17,6,2,A.PE.P.V,4,11.5,0.4791666667,.
8.15.2016,H021D100,POCA,7,0,0,0,10,8,2,2,A.PE.P.V,4,5,0.5,.
8.15.2016,H021D100,POCA,8,1,0,0,50,23,4,4,A.PE.P.V,4,13.5,0.27,.
8.15.2016,H021D100,POCA,9,0,0,0,22,4,2,2,A.PE.P.V,4,3,0.1363636364,.
8.15.2016,H021D100,POCA,10,0,0,0,34,6,2,2,A.PE.P.V,4,4,0.1176470588,.
8.15.2016,H021D100,VERO,1,3,0,0,20,23,19,4,A.PE.P.V,4,21,1.05,.
8.15.2016,H021D100,VERO,2,4,0,0,43,45,10,4,A.PE.P.V,4,27.5,0.6395348837,.
8.15.2016,H021D100,VERO,3,5,0,0,36,65,33,4,A.PE.P.V,4,49,1.3611111111,.
8.15.2016,H021D100,VERO,4,3,0,0,30,44,15,4,A.PE.P.V,4,29.5,0.9833333333,.
8.15.2016,H021D100,VERO,5,2,0,0,42,.,.,4,A.PE.P.V,4,.,.,.
8.15.2016,H021D100,VERO,6,6,0,0,23,38,17,4,A.PE.P.V,4,27.5,1.1956521739,.
8.15.2016,H021D100,VERO,7,3,0,0,24,24,16,4,A.PE.P.V,4,20,0.8333333333,.
8.15.2016,H021D100,VERO,8,2,0,0,32,15,10,4,A.PE.P.V,4,12.5,0.390625,.
8.15.2016,H021D100,VERO,9,5,0,0,31,34,11,4,A.PE.P.V,4,22.5,0.7258064516,.
8.15.2016,H021D100,VERO,10,2,0,0,24,19,8,4,A.PE.P.V,4,13.5,0.5625,.
8.6.2016,H022D100,PEAI,1,0,0,0,14,9,6,2,PE.P.V,3,7.5,0.5357142857,.
8.6.2016,H022D100,PEAI,2,0,0,0,8,9,1,2,PE.P.V,3,5,0.625,.
8.6.2016,H022D100,PEAI,3,0,0,0,4,4,3,2,PE.P.V,3,3.5,0.875,.
8.6.2016,H022D100,PEAI,4,0,0,0,31,14,6,2,PE.P.V,3,10,0.3225806452,.
8.6.2016,H022D100,PEAI,5,0,0,0,11,12,1,2,PE.P.V,3,6.5,0.5909090909,.
8.6.2016,H022D100,PEAI,6,0,0,0,8,8,4,2,PE.P.V,3,6,0.75,.
8.6.2016,H022D100,PEAI,7,0,0,0,8,6,4,2,PE.P.V,3,5,0.625,.
8.6.2016,H022D100,PEAI,8,0,0,0,11,14,1,2,PE.P.V,3,7.5,0.6818181818,.
8.6.2016,H022D100,PEAI,9,0,0,0,9,7,1,2,PE.P.V,3,4,0.4444444444,.
8.6.2016,H022D100,PEAI,10,0,0,0,5,3,1,2,PE.P.V,3,2,0.4,.
8.6.2016,H022D100,POCA,1,0,0,0,28,9,3,2,PE.P.V,3,6,0.2142857143,.
8.6.2016,H022D100,POCA,2,0,0,0,13,8,2,2,PE.P.V,3,5,0.3846153846,.
8.6.2016,H022D100,POCA,3,0,0,0,32,5,2,2,PE.P.V,3,3.5,0.109375,.
8.6.2016,H022D100,VERO,1,1,0,0,18,12,8,4,PE.P.V,3,10,0.5555555556,.
8.6.2016,H022D100,VERO,2,1,0,0,14,9,6,4,PE.P.V,3,7.5,0.5357142857,.
8.6.2016,H022D100,VERO,3,1,0,0,13,9,8,4,PE.P.V,3,8.5,0.6538461538,.
8.6.2016,H022D100,VERO,4,2,0,0,31,23,16,4,PE.P.V,3,19.5,0.6290322581,.
8.6.2016,H022D100,VERO,5,2,0,0,20,21,8,4,PE.P.V,3,14.5,0.725,.
8.6.2016,H022D100,VERO,6,1,0,0,22,17,10,4,PE.P.V,3,13.5,0.6136363636,.
8.6.2016,H022D100,VERO,7,3,0,0,47,50,25,4,PE.P.V,3,37.5,0.7978723404,.
8.6.2016,H022D100,VERO,8,6,0,0,45,40,31,4,PE.P.V,3,35.5,0.7888888889,.
8.6.2016,H022D100,VERO,9,1,0,0,24,17,16,4,PE.P.V,3,16.5,0.6875,.
8.6.2016,H022D100,VERO,10,2,0,0,21,16,11,4,PE.P.V,3,13.5,0.6428571429,.
8.15.2016,H023D100,PEAI,1,0,0,0,74,26,26,2,PE.P,2,26,0.3513513514,.
8.15.2016,H023D100,PEAI,2,0,0,0,36,41,20,2,PE.P,2,30.5,0.8472222222,.
8.15.2016,H023D100,PEAI,3,0,0,0,41,23,10,2,PE.P,2,16.5,0.4024390244,.
8.15.2016,H023D100,PEAI,4,0,0,0,57,25,10,2,PE.P,2,17.5,0.3070175439,.
8.15.2016,H023D100,PEAI,5,0,0,0,55,41,15,2,PE.P,2,28,0.5090909091,.
8.15.2016,H023D100,PEAI,6,0,0,0,53,51,3,2,PE.P,2,27,0.5094339623,.
8.15.2016,H023D100,PEAI,7,0,0,0,46,31,18,2,PE.P,2,24.5,0.5326086957,.
8.15.2016,H023D100,PEAI,8,0,0,0,44,57,14,2,PE.P,2,35.5,0.8068181818,.
8.15.2016,H023D100,PEAI,9,0,0,0,30,38,10,2,PE.P,2,24,0.8,.
8.15.2016,H023D100,PEAI,10,0,0,0,25,30,1,2,PE.P,2,15.5,0.62,.
8.15.2016,H023D100,POCA,1,3,0,0,262,71,60,4,PE.P,2,65.5,0.25,.
8.15.2016,H023D100,POCA,2,2,0,0,250,30,25,4,PE.P,2,27.5,0.11,.
8.15.2016,H023D100,POCA,3,0,0,0,126,56,20,2,PE.P,2,38,0.3015873016,.
8.15.2016,H023D100,POCA,4,0,0,0,128,58,31,2,PE.P,2,44.5,0.34765625,.
8.15.2016,H023D100,POCA,5,0,0,0,238,89,43,2,PE.P,2,66,0.2773109244,.
8.15.2016,H023D100,POCA,6,10,0,0,446,115,18,4,PE.P,2,66.5,0.149103139,.
8.15.2016,H023D100,POCA,7,2,0,0,258,61,15,4,PE.P,2,38,0.1472868217,.
8.15.2016,H023D100,POCA,8,3,0,0,332,143,30,4,PE.P,2,86.5,0.2605421687,.
8.15.2016,H023D100,POCA,9,0,0,0,128,26,14,2,PE.P,2,20,0.15625,.
8.15.2016,H023D100,POCA,10,2,0,0,265,75,26,4,PE.P,2,50.5,0.1905660377,.
7.29.2016,H024D100,PEAI,1,0,0,0,33,23,2,2,PE.P.V,3,12.5,0.3787878788,.
7.29.2016,H024D100,PEAI,2,0,0,0,22,21,2,2,PE.P.V,3,11.5,0.5227272727,.
7.29.2016,H024D100,PEAI,3,0,0,0,17,14,8,2,PE.P.V,3,11,0.6470588235,.
7.29.2016,H024D100,PEAI,4,0,0,0,24,19,5,2,PE.P.V,3,12,0.5,.
7.29.2016,H024D100,PEAI,5,0,0,0,29,21,6,2,PE.P.V,3,13.5,0.4655172414,.
7.29.2016,H024D100,PEAI,6,0,0,0,26,23,4,2,PE.P.V,3,13.5,0.5192307692,.
7.29.2016,H024D100,PEAI,7,0,0,0,24,18,7,2,PE.P.V,3,12.5,0.5208333333,.
7.29.2016,H024D100,PEAI,8,0,0,0,5,20,1,2,PE.P.V,3,10.5,2.1,.
7.29.2016,H024D100,PEAI,9,0,0,0,19,14,1,2,PE.P.V,3,7.5,0.3947368421,.
7.29.2016,H024D100,PEAI,10,0,0,0,22,21,3,2,PE.P.V,3,12,0.5454545455,.
7.29.2016,H024D100,POCA,1,3,0,0,136,71,49,4,PE.P.V,3,60,0.4411764706,.
7.29.2016,H024D100,POCA,2,0,0,0,67,53,16,2,PE.P.V,3,34.5,0.5149253731,.
7.29.2016,H024D100,POCA,3,0,0,0,64,52,24,2,PE.P.V,3,38,0.59375,.
7.29.2016,H024D100,POCA,4,1,0,0,65,49,13,4,PE.P.V,3,31,0.4769230769,.
7.29.2016,H024D100,POCA,5,0,0,0,56,45,12,2,PE.P.V,3,28.5,0.5089285714,.
7.29.2016,H024D100,POCA,6,3,0,0,75,69,18,4,PE.P.V,3,43.5,0.58,.
7.29.2016,H024D100,POCA,7,1,0,0,68,46,10,4,PE.P.V,3,28,0.4117647059,.
7.29.2016,H024D100,POCA,8,1,0,0,102,85,29,4,PE.P.V,3,57,0.5588235294,.
7.29.2016,H024D100,POCA,9,1,0,0,76,67,13,4,PE.P.V,3,40,0.5263157895,.
7.29.2016,H024D100,POCA,10,0,0,0,36,34,15,2,PE.P.V,3,24.5,0.6805555556,.
7.29.2016,H024D100,VERO,1,1,0,0,21,35,26,4,PE.P.V,3,30.5,1.4523809524,.
8.14.2016,H025D100,POCA,1,0,0,0,89,14,11,2,PE.P,2,12.5,0.1404494382,.
8.14.2016,H025D100,POCA,2,0,0,0,99,40,18,2,PE.P,2,29,0.2929292929,.
8.14.2016,H025D100,POCA,3,0,0,0,75,25,9,2,PE.P,2,17,0.2266666667,.
8.14.2016,H025D100,POCA,4,1,0,0,124,42,6,4,PE.P,2,24,0.1935483871,.
8.14.2016,H025D100,POCA,5,1,0,0,84,44,11,4,PE.P,2,27.5,0.3273809524,.
8.14.2016,H025D100,POCA,6,3,0,0,130,89,29,4,PE.P,2,59,0.4538461538,.
8.14.2016,H025D100,POCA,7,1,0,0,84,46,28,4,PE.P,2,37,0.4404761905,.
8.14.2016,H025D100,POCA,8,3,0,0,208,53,27,4,PE.P,2,40,0.1923076923,.
8.14.2016,H025D100,POCA,9,1,0,0,108,37,12,4,PE.P,2,24.5,0.2268518519,.
8.14.2016,H025D100,POCA,10,0,0,0,63,25,11,2,PE.P,2,18,0.2857142857,.
8.14.2016,H025D100,PEAI,1,0,0,0,64,38,36,2,PE.P,2,37,0.578125,.
8.14.2016,H025D100,PEAI,2,0,0,0,66,14,4,2,PE.P,2,9,0.1363636364,.
8.14.2016,H025D100,PEAI,3,0,0,0,26,9,1,2,PE.P,2,5,0.1923076923,.
8.14.2016,H025D100,PEAI,4,0,0,0,25,13,2,2,PE.P,2,7.5,0.3,.
8.14.2016,H025D100,PEAI,5,0,0,0,53,22,2,2,PE.P,2,12,0.2264150943,.
8.14.2016,H025D100,PEAI,6,0,0,0,35,25,1,2,PE.P,2,13,0.3714285714,.
8.14.2016,H025D100,PEAI,7,0,0,0,40,26,3,2,PE.P,2,14.5,0.3625,.
8.14.2016,H025D100,PEAI,8,0,0,0,33,13,2,2,PE.P,2,7.5,0.2272727273,.
8.14.2016,H025D100,PEAI,9,0,0,0,34,38,7,2,PE.P,2,22.5,0.6617647059,.
8.14.2016,H025D100,PEAI,10,9,0,0,29,18,3,2,PE.P,2,10.5,0.3620689655,.
8.28.2017,H025D100,POCA,1,2,.,.,161,22,14,.,PE.P,2,18,0.1118012422,.
8.28.2017,H025D100,POCA,2,2,.,.,153,46,23,.,PE.P,2,34.5,0.2254901961,.
8.28.2017,H025D100,POCA,3,2,.,.,138,41,6,.,PE.P,2,23.5,0.1702898551,.
8.28.2017,H025D100,POCA,4,3,.,.,199,41,15,.,PE.P,2,28,0.1407035176,.
8.28.2017,H025D100,POCA,5,1,.,.,146,42,3,.,PE.P,2,22.5,0.154109589,.
8.28.2017,H025D100,POCA,6,5,.,.,272,74,70,.,PE.P,2,72,0.2647058824,.
8.28.2017,H025D100,POCA,7,4,.,.,177,56,31,.,PE.P,2,43.5,0.2457627119,.
8.28.2017,H025D100,POCA,8,3,.,.,228,366,23,.,PE.P,2,194.5,0.8530701754,.
8.28.2017,H025D100,POCA,9,4,.,.,192,52,31,.,PE.P,2,41.5,0.2161458333,.
8.28.2017,H025D100,POCA,10,1,.,.,82,22,20,.,PE.P,2,21,0.256097561,.
8.28.2017,H025D100,PEAI,1,1,.,.,56,33,12,.,PE.P,2,22.5,0.4017857143,.
8.28.2017,H025D100,PEAI,2,0,.,.,26,14,6,.,PE.P,2,10,0.3846153846,.
8.28.2017,H025D100,PEAI,3,1,.,.,50,5,2,.,PE.P,2,3.5,0.07,.
8.28.2017,H025D100,PEAI,4,0,.,.,29,8,3,.,PE.P,2,5.5,0.1896551724,.
8.28.2017,H025D100,PEAI,5,1,.,.,64,16,4,.,PE.P,2,10,0.15625,.
8.28.2017,H025D100,PEAI,6,1,.,.,48,14,3,.,PE.P,2,8.5,0.1770833333,.
8.28.2017,H025D100,PEAI,7,1,.,.,53,28,6,.,PE.P,2,17,0.320754717,.
8.28.2017,H025D100,PEAI,8,1,.,.,39,8,2,.,PE.P,2,5,0.1282051282,.
8.28.2017,H025D100,PEAI,9,1,.,.,54,21,6,.,PE.P,2,13.5,0.25,.
8.28.2017,H025D100,PEAI,10,1,.,.,52,13,3,.,PE.P,2,8,0.1538461538,.
8.28.2017,H026D100,POCA,1,4,.,.,221,66,34,.,PE.P,2,50,0.2262443439,.
8.28.2017,H026D100,POCA,2,2,.,.,196,31,20,.,PE.P,2,25.5,0.1301020408,.
8.28.2017,H026D100,POCA,3,4,.,.,184,75,3,.,PE.P,2,39,0.2119565217,.
8.28.2017,H026D100,POCA,4,1,.,.,190,26,10,.,PE.P,2,18,0.0947368421,.
8.28.2017,H026D100,POCA,5,2,.,.,218,123,10,.,PE.P,2,66.5,0.3050458716,.
8.28.2017,H026D100,POCA,6,3,.,.,207,56,10,.,PE.P,2,33,0.1594202899,.
8.28.2017,H026D100,POCA,7,2,.,.,215,50,34,.,PE.P,2,42,0.1953488372,.
8.28.2017,H026D100,POCA,8,2,.,.,93,46,28,.,PE.P,2,37,0.3978494624,.
8.28.2017,H026D100,POCA,9,4,.,.,273,28,27,.,PE.P,2,27.5,0.1007326007,.
8.28.2017,H026D100,POCA,10,5,.,.,270,93,20,.,PE.P,2,56.5,0.2092592593,.
8.28.2017,H026D100,VERO,1,7,.,.,76,62,21,.,PE.P,2,41.5,0.5460526316,.
8.6.2016,H026D100,POCA,1,1,0,0,121,41,12,4,P.V,2,26.5,0.2190082645,.
8.6.2016,H026D100,POCA,2,0,0,0,75,40,18,2,P.V,2,29,0.3866666667,.
8.6.2016,H026D100,POCA,3,2,0,0,109,40,29,4,P.V,2,34.5,0.3165137615,.
8.6.2016,H026D100,POCA,4,1,0,0,133,29,5,4,P.V,2,17,0.1278195489,.
8.6.2016,H026D100,POCA,5,5,0,0,175,53,27,4,P.V,2,40,0.2285714286,.
8.6.2016,H026D100,POCA,6,5,0,0,188,51,11,4,P.V,2,31,0.164893617,.
8.6.2016,H026D100,POCA,7,5,0,0,157,62,47,4,P.V,2,54.5,0.347133758,.
8.6.2016,H026D100,POCA,8,0,0,0,65,52,25,2,P.V,2,38.5,0.5923076923,.
8.6.2016,H026D100,POCA,9,3,0,0,142,50,4,4,P.V,2,27,0.1901408451,.
8.6.2016,H026D100,POCA,10,1,0,0,151,93,67,4,P.V,2,80,0.5298013245,.
8.6.2016,H026D100,VERO,1,1,0,0,91,43,20,4,P.V,2,31.5,0.3461538462,.
7.29.2016,H028D100,PEAI,1,0,0,0,37,22,1,2,PE.P,2,11.5,0.3108108108,.
7.29.2016,H028D100,PEAI,2,0,0,0,20,10,1,2,PE.P,2,5.5,0.275,.
7.29.2016,H028D100,PEAI,3,0,0,0,31,15,2,2,PE.P,2,8.5,0.2741935484,.
7.29.2016,H028D100,PEAI,4,0,0,0,25,10,3,2,PE.P,2,6.5,0.26,.
7.29.2016,H028D100,PEAI,5,0,0,0,33,19,10,2,PE.P,2,14.5,0.4393939394,.
7.29.2016,H028D100,PEAI,6,0,0,0,29,18,1,2,PE.P,2,9.5,0.3275862069,.
7.29.2016,H028D100,PEAI,7,0,0,0,38,26,2,2,PE.P,2,14,0.3684210526,.
7.29.2016,H028D100,PEAI,8,0,0,0,24,17,1,2,PE.P,2,9,0.375,.
7.29.2016,H028D100,PEAI,9,0,0,0,32,22,2,2,PE.P,2,12,0.375,.
7.29.2016,H028D100,PEAI,10,0,0,0,21,16,1,2,PE.P,2,8.5,0.4047619048,.
7.29.2016,H028D100,POCA,1,0,0,0,80,45,5,2,PE.P,2,25,0.3125,.
7.29.2016,H028D100,POCA,2,1,0,0,113,55,2,4,PE.P,2,28.5,0.2522123894,.
7.29.2016,H028D100,POCA,3,0,0,0,48,25,7,2,PE.P,2,16,0.3333333333,.
7.29.2016,H028D100,POCA,4,0,0,0,117,60,51,2,PE.P,2,55.5,0.4743589744,.
7.29.2016,H028D100,POCA,5,0,0,0,80,33,20,2,PE.P,2,26.5,0.33125,.
7.29.2016,H028D100,POCA,6,0,0,0,56,26,12,2,PE.P,2,19,0.3392857143,.
7.29.2016,H028D100,POCA,7,0,0,0,42,29,21,2,PE.P,2,25,0.5952380952,.
7.29.2016,H028D100,POCA,8,0,0,0,73,40,9,2,PE.P,2,24.5,0.3356164384,.
7.29.2016,H028D100,POCA,9,0,0,0,72,34,15,2,PE.P,2,24.5,0.3402777778,.
7.29.2016,H028D100,POCA,10,9,0,0,59,40,32,2,PE.P,2,36,0.6101694915,.
8.28.2017,H028D100,PEAI,1,1,.,.,54,15,4,.,PE.P,2,9.5,0.1759259259,.
8.28.2017,H028D100,PEAI,2,1,.,.,36,13,3,.,PE.P,2,8,0.2222222222,.
8.28.2017,H028D100,PEAI,3,1,.,.,58,12,3,.,PE.P,2,7.5,0.1293103448,.
8.28.2017,H028D100,PEAI,4,1,.,.,45,12,4,.,PE.P,2,8,0.1777777778,.
8.28.2017,H028D100,PEAI,5,0,.,.,36,18,2,.,PE.P,2,10,0.2777777778,.
8.28.2017,H028D100,PEAI,6,1,.,.,48,22,11,.,PE.P,2,16.5,0.34375,.
8.28.2017,H028D100,PEAI,7,1,.,.,62,26,6,.,PE.P,2,16,0.2580645161,.
8.28.2017,H028D100,PEAI,8,1,.,.,38,24,4,.,PE.P,2,14,0.3684210526,.
8.28.2017,H028D100,PEAI,9,1,.,.,58,28,19,.,PE.P,2,23.5,0.4051724138,.
8.28.2017,H028D100,PEAI,10,0,.,.,30,8,3,.,PE.P,2,5.5,0.1833333333,.
8.28.2017,H028D100,POCA,1,2,.,.,130,18,15,.,PE.P,2,16.5,0.1269230769,.
8.28.2017,H028D100,POCA,2,5,.,.,303,136,42,.,PE.P,2,89,0.2937293729,.
8.28.2017,H028D100,POCA,3,2,.,.,200,50,11,.,PE.P,2,30.5,0.1525,.
8.28.2017,H028D100,POCA,4,4,.,.,308,58,35,.,PE.P,2,46.5,0.150974026,.
8.28.2017,H028D100,POCA,5,2,.,.,198,70,36,.,PE.P,2,53,0.2676767677,.
8.28.2017,H028D100,POCA,6,3,.,.,205,48,37,.,PE.P,2,42.5,0.2073170732,.
8.28.2017,H028D100,POCA,7,1,.,.,123,45,34,.,PE.P,2,39.5,0.3211382114,.
8.28.2017,H028D100,POCA,8,3,.,.,233,60,21,.,PE.P,2,40.5,0.1738197425,.
8.28.2017,H028D100,POCA,9,3,.,.,232,80,24,.,PE.P,2,52,0.224137931,.
8.28.2017,H028D100,POCA,10,2,.,.,205,51,15,.,PE.P,2,33,0.1609756098,.
8.15.2016,H029D100,ARCA,1,1,0,0,40,27,7,4,A.PE.P.V,4,17,0.425,.
8.15.2016,H029D100,ARCA,2,2,0,0,46,30,26,4,A.PE.P.V,4,28,0.6086956522,.
8.15.2016,H029D100,ARCA,3,2,0,0,73,32,20,4,A.PE.P.V,4,26,0.3561643836,.
8.15.2016,H029D100,ARCA,4,1,0,0,58,34,9,4,A.PE.P.V,4,21.5,0.3706896552,.
8.15.2016,H029D100,ARCA,5,1,1,0,95,55,20,6,A.PE.P.V,4,37.5,0.3947368421,.
8.15.2016,H029D100,ARCA,6,2,0,0,48,30,13,4,A.PE.P.V,4,21.5,0.4479166667,.
8.15.2016,H029D100,ARCA,7,1,0,0,43,30,24,4,A.PE.P.V,4,27,0.6279069767,.
8.15.2016,H029D100,ARCA,8,0,0,0,47,40,3,2,A.PE.P.V,4,21.5,0.4574468085,.
8.15.2016,H029D100,ARCA,9,1,0,0,32,18,15,4,A.PE.P.V,4,16.5,0.515625,.
8.15.2016,H029D100,ARCA,10,0,4,0,176,120,6,6,A.PE.P.V,4,63,0.3579545455,.
8.15.2016,H029D100,POCA,1,0,0,0,46,11,3,2,A.PE.P.V,4,7,0.152173913,.
8.15.2016,H029D100,POCA,2,0,0,0,81,35,10,2,A.PE.P.V,4,22.5,0.2777777778,.
8.15.2016,H029D100,POCA,3,0,0,0,21,10,3,2,A.PE.P.V,4,6.5,0.3095238095,.
8.15.2016,H029D100,POCA,4,0,0,0,76,35,4,2,A.PE.P.V,4,19.5,0.2565789474,.
8.15.2016,H029D100,POCA,5,0,0,0,71,20,6,2,A.PE.P.V,4,13,0.1830985915,.
8.15.2016,H029D100,POCA,6,2,0,0,126,30,21,4,A.PE.P.V,4,25.5,0.2023809524,.
8.15.2016,H029D100,POCA,7,1,0,0,85,41,16,4,A.PE.P.V,4,28.5,0.3352941176,.
8.15.2016,H029D100,POCA,8,0,0,0,38,16,14,2,A.PE.P.V,4,15,0.3947368421,.
8.15.2016,H029D100,POCA,9,3,0,0,190,73,28,4,A.PE.P.V,4,50.5,0.2657894737,.
8.15.2016,H029D100,POCA,10,1,0,0,72,26,4,4,A.PE.P.V,4,15,0.2083333333,.
8.15.2016,H029D100,VERO,1,0,0,0,27,21,4,2,A.PE.P.V,4,12.5,0.462962963,.
8.15.2016,H029D100,VERO,2,24,1,0,5,9,6,6,A.PE.P.V,4,7.5,1.5,.
8.15.2016,H029D100,VERO,3,1,0,0,60,116,45,4,A.PE.P.V,4,80.5,1.3416666667,.
8.15.2016,H029D100,VERO,4,1,0,0,43,35,15,4,A.PE.P.V,4,25,0.5813953488,.
8.15.2016,H029D100,VERO,5,3,0,0,16,15,11,4,A.PE.P.V,4,13,0.8125,.
8.15.2016,H029D100,VERO,6,5,0,0,73,38,24,4,A.PE.P.V,4,31,0.4246575342,.
8.15.2016,H029D100,VERO,7,29,0,0,44,57,23,4,A.PE.P.V,4,40,0.9090909091,.
8.15.2016,H029D100,VERO,8,1,0,0,55,223,88,4,A.PE.P.V,4,155.5,2.8272727273,.
8.15.2016,H029D100,VERO,9,0,0,0,13,22,3,2,A.PE.P.V,4,12.5,0.9615384615,.
8.15.2016,H029D100,VERO,10,0,0,0,10,10,3,2,A.PE.P.V,4,6.5,0.65,.
8.15.2016,H029D100,PEAI,1,0,0,0,12,8,1,2,A.PE.P.V,4,4.5,0.375,.
8.15.2016,H029D100,PEAI,2,0,0,0,31,18,3,2,A.PE.P.V,4,10.5,0.3387096774,.
8.15.2016,H029D100,PEAI,3,0,0,0,34,7,3,2,A.PE.P.V,4,5,0.1470588235,.
8.15.2016,H029D100,PEAI,4,0,0,0,33,13,2,2,A.PE.P.V,4,7.5,0.2272727273,.
8.15.2016,H030D100,ARCA,1,1,0,0,35,25,15,4,A.PE.P.V,4,20,0.5714285714,.
8.15.2016,H030D100,ARCA,2,3,0,0,71,56,55,4,A.PE.P.V,4,55.5,0.7816901408,.
8.15.2016,H030D100,ARCA,3,2,0,0,50,46,31,4,A.PE.P.V,4,38.5,0.77,.
8.15.2016,H030D100,ARCA,4,2,0,0,58,40,32,4,A.PE.P.V,4,36,0.6206896552,.
8.15.2016,H030D100,ARCA,5,2,0,0,70,61,45,4,A.PE.P.V,4,53,0.7571428571,.
8.15.2016,H030D100,ARCA,6,2,0,0,41,48,18,4,A.PE.P.V,4,33,0.8048780488,.
8.15.2016,H030D100,ARCA,7,1,2,1,172,175,21,8,A.PE.P.V,4,98,0.5697674419,.
8.15.2016,H030D100,ARCA,8,2,0,0,59,50,32,4,A.PE.P.V,4,41,0.6949152542,.
8.15.2016,H030D100,ARCA,9,2,0,0,58,47,23,4,A.PE.P.V,4,35,0.6034482759,.
8.15.2016,H030D100,ARCA,10,2,0,0,63,40,16,4,A.PE.P.V,4,28,0.4444444444,.
8.15.2016,H030D100,PEAI,1,0,0,0,19,9,1,2,A.PE.P.V,4,5,0.2631578947,.
8.15.2016,H030D100,PEAI,2,0,0,0,21,6,2,2,A.PE.P.V,4,4,0.1904761905,.
8.15.2016,H030D100,PEAI,3,0,0,0,33,11,2,2,A.PE.P.V,4,6.5,0.196969697,.
8.15.2016,H030D100,PEAI,4,1,0,0,60,25,11,4,A.PE.P.V,4,18,0.3,.
8.15.2016,H030D100,PEAI,5,0,0,0,20,18,3,2,A.PE.P.V,4,10.5,0.525,.
8.15.2016,H030D100,PEAI,6,0,0,0,37,14,8,2,A.PE.P.V,4,11,0.2972972973,.
8.15.2016,H030D100,PEAI,7,0,0,0,39,25,6,2,A.PE.P.V,4,15.5,0.3974358974,.
8.15.2016,H030D100,PEAI,8,0,0,0,36,20,15,2,A.PE.P.V,4,17.5,0.4861111111,.
8.15.2016,H030D100,PEAI,9,0,0,0,31,11,2,2,A.PE.P.V,4,6.5,0.2096774194,.
8.15.2016,H030D100,PEAI,10,0,0,0,35,11,3,2,A.PE.P.V,4,7,0.2,.
8.15.2016,H030D100,POCA,1,3,0,0,225,41,9,4,A.PE.P.V,4,25,0.1111111111,.
8.15.2016,H030D100,POCA,2,1,0,0,97,40,14,4,A.PE.P.V,4,27,0.2783505155,.
8.15.2016,H030D100,POCA,3,1,0,0,84,40,5,4,A.PE.P.V,4,22.5,0.2678571429,.
8.15.2016,H030D100,POCA,4,2,0,0,149,33,25,4,A.PE.P.V,4,29,0.1946308725,.
8.15.2016,H030D100,POCA,5,1,0,0,61,39,18,4,A.PE.P.V,4,28.5,0.4672131148,.
8.15.2016,H030D100,POCA,6,2,0,0,106,31,19,4,A.PE.P.V,4,25,0.2358490566,.
8.15.2016,H030D100,POCA,7,1,0,0,124,30,8,4,A.PE.P.V,4,19,0.1532258065,.
8.15.2016,H030D100,POCA,8,1,0,0,64,27,7,4,A.PE.P.V,4,17,0.265625,.
8.15.2016,H030D100,POCA,9,0,0,0,88,35,30,2,A.PE.P.V,4,32.5,0.3693181818,.
8.15.2016,H030D100,POCA,10,3,0,0,148,80,54,4,A.PE.P.V,4,67,0.4527027027,.
8.15.2016,H030D100,VERO,1,25,0,0,52,148,71,4,A.PE.P.V,4,109.5,2.1057692308,.
8.15.2016,H030D100,VERO,2,23,2,0,81,202,74,4,A.PE.P.V,4,138,1.7037037037,.
8.15.2016,H030D100,VERO,3,12,0,0,54,120,44,4,A.PE.P.V,4,82,1.5185185185,.
8.15.2016,H030D100,VERO,4,4,0,0,44,42,24,4,A.PE.P.V,4,33,0.75,.
8.15.2016,H030D100,VERO,5,9,0,0,32,56,26,4,A.PE.P.V,4,41,1.28125,.
8.15.2016,H030D100,VERO,6,18,0,0,53,97,25,4,A.PE.P.V,4,61,1.1509433962,.
8.15.2016,H030D100,VERO,7,9,0,0,33,52,18,4,A.PE.P.V,4,35,1.0606060606,.
8.15.2016,H030D100,VERO,8,24,0,0,44,117,86,4,A.PE.P.V,4,101.5,2.3068181818,.
8.15.2016,H030D100,VERO,9,3,0,0,41,31,15,4,A.PE.P.V,4,23,0.5609756098,.
8.15.2016,H030D100,VERO,10,28,0,0,68,115,53,4,A.PE.P.V,4,84,1.2352941176,.
8.28.2017,H033D100,POCA,1,2,0,0,215,55,20,4,P.V,2,37.5,0.1744186047,
8.28.2017,H033D100,POCA,2,2,0,0,194,50,21,5,P.V,2,35.5,0.1829896907,
8.28.2017,H033D100,POCA,3,2,0,0,189,51,45,4,P.V,2,48,0.253968254,
8.28.2017,H033D100,POCA,4,1,0,0,110,35,15,4,P.V,2,25,0.2272727273,
8.28.2017,H033D100,POCA,5,1,0,0,96,21,11,4,P.V,2,16,0.1666666667,
8.28.2017,H033D100,POCA,6,2,0,0,198,34,32,4,P.V,2,33,0.1666666667,
8.28.2017,H033D100,POCA,7,1,0,0,73,28,25,4,P.V,2,26.5,0.3630136986,
8.28.2017,H033D100,POCA,8,2,0,0,208,50,42,4,P.V,2,46,0.2211538462,
8.28.2017,H033D100,POCA,9,2,0,0,102,45,8,4,P.V,2,26.5,0.2598039216,
8.28.2017,H033D100,POCA,10,1,0,0,95,33,18,4,P.V,2,25.5,0.2684210526,
8.28.2017,H033D100,VERO,1,3,1,0,80,51,28,6,P.V,2,39.5,0.49375,
8.28.2017,H033D100,VERO,2,7,0,0,71,67,41,5,P.V,2,54,0.7605633803,
8.28.2017,H033D100,VERO,3,8,0,0,101,71,34,5,P.V,2,52.5,0.5198019802,
8.28.2017,H033D100,VERO,4,4,0,0,83,67,35,5,P.V,2,51,0.6144578313,
8.28.2017,H033D100,VERO,5,2,0,0,42,31,11,5,P.V,2,21,0.5,
8.28.2017,H033D100,VERO,6,7,0,0,67,63,22,5,P.V,2,42.5,0.6343283582,
8.28.2017,H033D100,VERO,7,6,0,0,80,43,41,5,P.V,2,42,0.525,
8.28.2017,H033D100,VERO,8,11,0,0,107,52,50,5,P.V,2,51,0.476635514,
8.28.2017,H033D100,VERO,9,9,0,0,3,76,48,5,P.V,2,62,20.6666666667,
8.28.2017,H033D100,VERO,10,3,0,0,24,33,21,5,P.V,2,27,1.125,
8.6.2016,H033D100,POCA,1,0,0,0,83,54,10,2,P.V,2,32,0.3855421687,.
8.6.2016,H033D100,POCA,2,1,0,0,121,38,17,4,P.V,2,27.5,0.2272727273,.
8.6.2016,H033D100,POCA,3,0,0,0,63,48,28,2,P.V,2,38,0.6031746032,.
8.6.2016,H033D100,POCA,4,0,0,0,36,20,9,2,P.V,2,14.5,0.4027777778,.
8.6.2016,H033D100,POCA,5,0,0,0,46,23,8,2,P.V,2,15.5,0.3369565217,.
8.6.2016,H033D100,POCA,6,0,0,0,74,32,31,2,P.V,2,31.5,0.4256756757,.
8.6.2016,H033D100,POCA,7,0,0,0,36,22,20,2,P.V,2,21,0.5833333333,.
8.6.2016,H033D100,POCA,8,0,0,0,82,49,6,2,P.V,2,27.5,0.3353658537,.
8.6.2016,H033D100,POCA,9,0,0,0,56,27,11,2,P.V,2,19,0.3392857143,.
8.6.2016,H033D100,POCA,10,0,0,0,44,18,7,2,P.V,2,12.5,0.2840909091,.
8.6.2016,H033D100,VERO,1,3,0,0,23,23,18,4,P.V,2,20.5,0.8913043478,.
8.6.2016,H033D100,VERO,2,3,0,0,28,20,20,4,P.V,2,20,0.7142857143,.
8.6.2016,H033D100,VERO,3,2,0,0,36,33,23,4,P.V,2,28,0.7777777778,.
8.6.2016,H033D100,VERO,4,2,0,0,27,32,17,4,P.V,2,24.5,0.9074074074,.
8.6.2016,H033D100,VERO,5,1,0,0,10,12,8,4,P.V,2,10,1,.
8.6.2016,H033D100,VERO,6,4,0,0,37,28,19,4,P.V,2,23.5,0.6351351351,.
8.6.2016,H033D100,VERO,7,3,0,0,35,30,15,4,P.V,2,22.5,0.6428571429,.
8.6.2016,H033D100,VERO,8,6,0,0,44,47,32,4,P.V,2,39.5,0.8977272727,.
8.6.2016,H033D100,VERO,9,4,0,0,27,27,26,4,P.V,2,26.5,0.9814814815,.
8.6.2016,H033D100,VERO,10,1,0,0,21,18,17,4,P.V,2,17.5,0.8333333333,.
8.4.2016,H041D100,PEAI,1,1,0,0,60,27,20,4,PE,1,23.5,0.3916666667,.
8.4.2016,H041D100,PEAI,2,0,0,0,25,48,43,2,PE,1,45.5,1.82,.
8.4.2016,H041D100,PEAI,3,0,0,0,24,50,37,2,PE,1,43.5,1.8125,.
8.4.2016,H041D100,PEAI,4,1,0,0,37,65,42,4,PE,1,53.5,1.4459459459,.
8.4.2016,H041D100,PEAI,5,0,0,0,35,25,20,2,PE,1,22.5,0.6428571429,.
8.4.2016,H041D100,PEAI,6,0,0,0,20,55,53,2,PE,1,54,2.7,.
8.4.2016,H041D100,PEAI,7,0,0,0,25,72,40,2,PE,1,56,2.24,.
8.4.2016,H041D100,PEAI,8,1,0,0,25,55,37,4,PE,1,46,1.84,.
8.4.2016,H041D100,PEAI,9,0,0,0,26,34,8,2,PE,1,21,0.8076923077,.
8.4.2016,H041D100,PEAI,10,0,0,0,30,32,2,2,PE,1,17,0.5666666667,.
8.3.2016,H042D100,ARCA,1,0,4,0,144,192,154,6,A.PE.P.V,4,173,1.2013888889,.
8.3.2016,H042D100,ARCA,2,9,0,0,42,86,70,4,A.PE.P.V,4,78,1.8571428571,.
8.3.2016,H042D100,ARCA,3,7,0,0,40,70,42,4,A.PE.P.V,4,56,1.4,.
8.3.2016,H042D100,ARCA,4,2,1,0,121,52,41,6,A.PE.P.V,4,46.5,0.3842975207,.
8.3.2016,H042D100,ARCA,5,4,0,0,60,77,49,4,A.PE.P.V,4,63,1.05,.
8.3.2016,H042D100,ARCA,6,5,0,0,67,185,80,4,A.PE.P.V,4,132.5,1.9776119403,.
8.3.2016,H042D100,ARCA,7,4,0,0,82,118,63,4,A.PE.P.V,4,90.5,1.1036585366,.
8.3.2016,H042D100,ARCA,8,6,0,0,78,70,10,4,A.PE.P.V,4,40,0.5128205128,.
8.3.2016,H042D100,ARCA,9,3,0,0,70,90,77,4,A.PE.P.V,4,83.5,1.1928571429,.
8.3.2016,H042D100,ARCA,10,3,2,0,85,130,25,6,A.PE.P.V,4,77.5,0.9117647059,.
8.3.2016,H042D100,PEAI,1,3,0,0,48,122,46,4,A.PE.P.V,4,84,1.75,.
8.3.2016,H042D100,PEAI,2,1,0,0,44,66,46,4,A.PE.P.V,4,56,1.2727272727,.
8.3.2016,H042D100,PEAI,3,1,0,0,56,62,38,4,A.PE.P.V,4,50,0.8928571429,.
8.3.2016,H042D100,PEAI,4,1,0,0,54,89,35,4,A.PE.P.V,4,62,1.1481481481,.
8.3.2016,H042D100,PEAI,5,2,0,0,34,69,42,4,A.PE.P.V,4,55.5,1.6323529412,.
8.3.2016,H042D100,PEAI,6,1,0,0,51,70,59,4,A.PE.P.V,4,64.5,1.2647058824,.
8.3.2016,H042D100,PEAI,7,2,0,0,61,72,29,2,A.PE.P.V,4,50.5,0.8278688525,.
8.3.2016,H042D100,PEAI,8,0,0,0,44,64,35,4,A.PE.P.V,4,49.5,1.125,.
8.3.2016,H042D100,PEAI,9,1,0,0,35,65,54,4,A.PE.P.V,4,59.5,1.7,.
8.3.2016,H042D100,PEAI,10,1,0,0,64,45,18,4,A.PE.P.V,4,31.5,0.4921875,.
8.3.2016,H042D100,POCA,1,1,0,0,144,169,112,4,A.PE.P.V,4,140.5,0.9756944444,.
8.3.2016,H042D100,POCA,2,8,0,0,97,145,94,4,A.PE.P.V,4,119.5,1.2319587629,.
8.3.2016,H042D100,POCA,3,5,0,0,92,90,17,4,A.PE.P.V,4,53.5,0.5815217391,.
8.3.2016,H042D100,POCA,4,2,0,0,112,93,56,4,A.PE.P.V,4,74.5,0.6651785714,.
8.3.2016,H042D100,POCA,5,3,0,0,56,58,32,4,A.PE.P.V,4,45,0.8035714286,.
8.3.2016,H042D100,POCA,6,1,0,0,74,82,52,4,A.PE.P.V,4,67,0.9054054054,.
8.3.2016,H042D100,POCA,7,2,0,0,94,79,52,4,A.PE.P.V,4,65.5,0.6968085106,.
8.3.2016,H042D100,POCA,8,2,0,0,70,65,52,4,A.PE.P.V,4,58.5,0.8357142857,.
8.3.2016,H042D100,POCA,9,1,0,0,104,88,31,4,A.PE.P.V,4,59.5,0.5721153846,.
8.3.2016,H042D100,POCA,10,1,0,0,137,99,34,4,A.PE.P.V,4,66.5,0.4854014599,.
8.3.2016,H042D100,VERO,1,1,0,0,34,214,161,4,A.PE.P.V,4,187.5,5.5147058824,.
8.4.2016,H054D100,PEAI,1,0,0,0,23,10,2,2,PE.P,2,6,0.2608695652,.
8.4.2016,H054D100,PEAI,2,0,0,0,27,16,2,2,PE.P,2,9,0.3333333333,.
8.4.2016,H054D100,PEAI,3,0,0,0,17,15,9,2,PE.P,2,12,0.7058823529,.
8.4.2016,H054D100,PEAI,4,0,0,0,24,15,1,2,PE.P,2,8,0.3333333333,.
8.4.2016,H054D100,PEAI,5,0,0,0,30,20,3,2,PE.P,2,11.5,0.3833333333,.
8.4.2016,H054D100,PEAI,6,0,0,0,28,18,2,2,PE.P,2,10,0.3571428571,.
8.4.2016,H054D100,PEAI,7,0,0,0,14,8,2,2,PE.P,2,5,0.3571428571,.
8.4.2016,H054D100,PEAI,8,0,0,0,25,25,4,2,PE.P,2,14.5,0.58,.
8.4.2016,H054D100,PEAI,9,0,0,0,50,32,8,2,PE.P,2,20,0.4,.
8.4.2016,H054D100,PEAI,10,0,0,0,14,10,2,2,PE.P,2,6,0.4285714286,.
8.4.2016,H054D100,POCA,1,1,0,0,112,30,5,4,PE.P,2,17.5,0.15625,.
8.4.2016,H054D100,POCA,2,0,0,0,76,37,3,2,PE.P,2,20,0.2631578947,.
8.4.2016,H054D100,POCA,3,0,0,0,82,52,6,2,PE.P,2,29,0.3536585366,.
8.4.2016,H054D100,POCA,4,1,0,0,89,47,16,4,PE.P,2,31.5,0.3539325843,.
8.4.2016,H054D100,POCA,5,1,0,0,134,46,40,4,PE.P,2,43,0.3208955224,.
8.4.2016,H054D100,POCA,6,1,0,0,139,27,20,4,PE.P,2,23.5,0.1690647482,.
8.4.2016,H054D100,POCA,7,0,0,0,79,64,32,2,PE.P,2,48,0.6075949367,.
8.4.2016,H054D100,POCA,8,1,0,0,137,36,23,4,PE.P,2,29.5,0.2153284672,.
8.4.2016,H054D100,POCA,9,3,0,0,150,52,20,4,PE.P,2,36,0.24,.
8.4.2016,H054D100,POCA,10,1,0,0,75,36,8,4,PE.P,2,22,0.2933333333,.
8.2.2016,H056D100,PEAI,1,0,0,0,22,16,7,2,PE.P,2,11.5,0.5227272727,.
8.2.2016,H056D100,PEAI,2,0,0,0,32,18,11,2,PE.P,2,14.5,0.453125,.
8.2.2016,H056D100,PEAI,3,0,0,0,22,12,3,2,PE.P,2,7.5,0.3409090909,.
8.2.2016,H056D100,PEAI,4,0,0,0,19,8,4,2,PE.P,2,6,0.3157894737,.
8.2.2016,H056D100,PEAI,5,0,0,0,40,26,10,2,PE.P,2,18,0.45,.
8.2.2016,H056D100,PEAI,6,0,0,0,23,16,14,2,PE.P,2,15,0.652173913,.
8.2.2016,H056D100,PEAI,7,0,0,0,37,19,12,2,PE.P,2,15.5,0.4189189189,.
8.2.2016,H056D100,PEAI,8,0,0,0,40,15,6,2,PE.P,2,10.5,0.2625,.
8.2.2016,H056D100,PEAI,9,0,0,0,30,21,4,2,PE.P,2,12.5,0.4166666667,.
8.2.2016,H056D100,PEAI,10,0,0,0,28,19,6,2,PE.P,2,12.5,0.4464285714,.
8.2.2016,H056D100,POCA,1,0,0,0,84,86,46,2,PE.P,2,66,0.7857142857,.
8.2.2016,H056D100,POCA,2,0,0,0,72,31,27,2,PE.P,2,29,0.4027777778,.
8.2.2016,H056D100,POCA,3,1,0,0,158,94,41,4,PE.P,2,67.5,0.4272151899,.
8.2.2016,H056D100,POCA,4,0,0,0,43,26,12,2,PE.P,2,19,0.4418604651,.
8.2.2016,H056D100,POCA,5,0,0,0,61,26,15,2,PE.P,2,20.5,0.3360655738,.
8.2.2016,H056D100,POCA,6,1,0,0,108,47,25,4,PE.P,2,36,0.3333333333,.
8.2.2016,H056D100,POCA,7,2,0,0,152,89,38,4,PE.P,2,63.5,0.4177631579,.
8.2.2016,H056D100,POCA,8,1,0,0,94,47,22,4,PE.P,2,34.5,0.3670212766,.
8.2.2016,H056D100,POCA,9,0,0,0,82,26,15,2,PE.P,2,20.5,0.25,.
8.2.2016,H056D100,POCA,10,0,0,0,51,21,4,2,PE.P,2,12.5,0.2450980392,.
8.2.2016,H059D100,PEAI,1,0,0,0,20,8,3,2,PE.P.V,3,5.5,0.275,.
8.2.2016,H059D100,PEAI,2,0,0,0,14,13,3,2,PE.P.V,3,8,0.5714285714,.
8.2.2016,H059D100,PEAI,3,0,0,0,7,6,1,2,PE.P.V,3,3.5,0.5,.
8.2.2016,H059D100,PEAI,4,0,0,0,22,16,2,2,PE.P.V,3,9,0.4090909091,.
8.2.2016,H059D100,PEAI,5,0,0,0,20,12,2,2,PE.P.V,3,7,0.35,.
8.2.2016,H059D100,PEAI,6,0,0,0,19,16,2,2,PE.P.V,3,9,0.4736842105,.
8.2.2016,H059D100,PEAI,7,0,0,0,4,14,1,2,PE.P.V,3,7.5,1.875,.
8.2.2016,H059D100,PEAI,8,0,0,0,27,14,6,2,PE.P.V,3,10,0.3703703704,.
8.2.2016,H059D100,PEAI,9,0,0,0,26,18,10,2,PE.P.V,3,14,0.5384615385,.
8.2.2016,H059D100,PEAI,10,0,0,0,24,11,6,2,PE.P.V,3,8.5,0.3541666667,.
8.2.2016,H059D100,POCA,1,1,0,0,76,25,12,4,PE.P.V,3,18.5,0.2434210526,.
8.2.2016,H059D100,POCA,2,0,0,0,36,15,6,2,PE.P.V,3,10.5,0.2916666667,.
8.2.2016,H059D100,POCA,3,0,0,0,48,34,20,2,PE.P.V,3,27,0.5625,.
8.2.2016,H059D100,POCA,4,1,0,0,24,18,9,4,PE.P.V,3,13.5,0.5625,.
8.2.2016,H059D100,POCA,5,0,0,0,43,17,12,2,PE.P.V,3,14.5,0.3372093023,.
8.2.2016,H059D100,POCA,6,2,0,0,61,29,16,4,PE.P.V,3,22.5,0.368852459,.
8.2.2016,H059D100,VERO,1,11,0,0,39,48,36,4,PE.P.V,3,42,1.0769230769,.
8.2.2016,H059D100,VERO,2,1,0,0,12,13,9,4,PE.P.V,3,11,0.9166666667,.
8.2.2016,H059D100,VERO,3,10,0,0,48,53,47,4,PE.P.V,3,50,1.0416666667,.
8.2.2016,H059D100,VERO,4,9,0,0,22,33,21,4,PE.P.V,3,27,1.2272727273,.
8.2.2016,H059D100,VERO,5,14,0,0,31,72,26,4,PE.P.V,3,49,1.5806451613,.
8.2.2016,H059D100,VERO,6,7,0,0,38,41,31,4,PE.P.V,3,36,0.9473684211,.
8.2.2016,H059D100,VERO,7,8,0,0,30,40,38,4,PE.P.V,3,39,1.3,.
8.2.2016,H059D100,VERO,8,6,0,0,36,42,33,4,PE.P.V,3,37.5,1.0416666667,.
8.2.2016,H059D100,VERO,9,10,0,0,34,46,29,4,PE.P.V,3,37.5,1.1029411765,.
8.2.2016,H059D100,VERO,10,0,0,0,35,24,15,4,PE.P.V,3,19.5,0.5571428571,.
7.27.2016,H060D100,ARCA,1,1,0,0,56,96,58,4,A.PE.P.V,4,77,1.375,.
7.27.2016,H060D100,ARCA,2,0,0,0,15,10,4,2,A.PE.P.V,4,7,0.4666666667,.
7.27.2016,H060D100,ARCA,3,0,0,0,33,34,17,2,A.PE.P.V,4,25.5,0.7727272727,.
7.27.2016,H060D100,ARCA,4,0,0,0,28,22,3,2,A.PE.P.V,4,12.5,0.4464285714,.
7.27.2016,H060D100,ARCA,5,1,0,0,56,90,68,4,A.PE.P.V,4,79,1.4107142857,.
7.27.2016,H060D100,ARCA,6,5,1,0,38,118,60,6,A.PE.P.V,4,89,2.3421052632,.
7.27.2016,H060D100,ARCA,7,1,0,0,57,65,1,4,A.PE.P.V,4,33,0.5789473684,.
7.27.2016,H060D100,ARCA,8,1,0,0,76,137,102,4,A.PE.P.V,4,119.5,1.5723684211,.
7.27.2016,H060D100,ARCA,9,1,0,0,45,94,37,4,A.PE.P.V,4,65.5,1.4555555556,.
7.27.2016,H060D100,ARCA,10,1,0,0,57,89,32,4,A.PE.P.V,4,60.5,1.0614035088,.
7.27.2016,H060D100,PEAI,1,0,0,0,21,19,1,2,A.PE.P.V,4,10,0.4761904762,.
7.27.2016,H060D100,PEAI,2,0,0,0,20,15,10,2,A.PE.P.V,4,12.5,0.625,.
7.27.2016,H060D100,PEAI,3,0,0,0,33,28,9,2,A.PE.P.V,4,18.5,0.5606060606,.
7.27.2016,H060D100,PEAI,4,0,0,0,18,26,3,2,A.PE.P.V,4,14.5,0.8055555556,.
7.27.2016,H060D100,PEAI,5,0,0,0,25,19,1,2,A.PE.P.V,4,10,0.4,.
7.27.2016,H060D100,PEAI,6,0,0,0,27,13,10,2,A.PE.P.V,4,11.5,0.4259259259,.
7.27.2016,H060D100,PEAI,7,0,0,0,53,25,1,2,A.PE.P.V,4,13,0.2452830189,.
7.27.2016,H060D100,PEAI,8,0,0,0,36,21,3,2,A.PE.P.V,4,12,0.3333333333,.
7.27.2016,H060D100,PEAI,9,0,0,0,17,18,9,2,A.PE.P.V,4,13.5,0.7941176471,.
7.27.2016,H060D100,PEAI,10,0,0,0,40,40,23,2,A.PE.P.V,4,31.5,0.7875,.
7.27.2016,H060D100,POCA,1,0,0,0,35,30,25,2,A.PE.P.V,4,27.5,0.7857142857,.
7.27.2016,H060D100,POCA,2,0,0,0,59,53,18,2,A.PE.P.V,4,35.5,0.6016949153,.
7.27.2016,H060D100,POCA,3,0,0,0,37,29,1,2,A.PE.P.V,4,15,0.4054054054,.
7.27.2016,H060D100,POCA,4,0,0,0,20,13,10,2,A.PE.P.V,4,11.5,0.575,.
7.27.2016,H060D100,POCA,5,0,0,0,44,27,8,2,A.PE.P.V,4,17.5,0.3977272727,.
7.27.2016,H060D100,POCA,6,0,0,0,65,55,40,2,A.PE.P.V,4,47.5,0.7307692308,.
7.27.2016,H060D100,POCA,7,0,0,0,63,42,28,2,A.PE.P.V,4,35,0.5555555556,.
7.27.2016,H060D100,POCA,8,0,0,0,66,47,39,2,A.PE.P.V,4,43,0.6515151515,.
7.27.2016,H060D100,POCA,9,0,0,0,48,62,45,2,A.PE.P.V,4,53.5,1.1145833333,.
7.27.2016,H060D100,POCA,10,0,0,0,44,37,13,2,A.PE.P.V,4,25,0.5681818182,.
7.27.2016,H060D100,VERO,1,0,0,0,22,45,30,2,A.PE.P.V,4,37.5,1.7045454545,.
7.27.2016,H060D100,VERO,2,1,0,0,14,13,9,4,A.PE.P.V,4,11,0.7857142857,.
7.27.2016,H060D100,VERO,3,24,0,0,9,14,7,2,A.PE.P.V,4,10.5,1.1666666667,.
8.2.2016,H061D100,ARCA,1,8,0,0,71,119,104,4,A.PE,2,111.5,1.5704225352,.
8.2.2016,H061D100,ARCA,2,2,0,0,84,64,12,4,A.PE,2,38,0.4523809524,.
8.2.2016,H061D100,ARCA,3,4,0,0,70,74,36,4,A.PE,2,55,0.7857142857,.
8.2.2016,H061D100,ARCA,4,3,0,0,86,82,36,4,A.PE,2,59,0.6860465116,.
8.2.2016,H061D100,ARCA,5,5,0,0,99,123,82,4,A.PE,2,102.5,1.0353535354,.
8.2.2016,H061D100,ARCA,6,2,0,0,76,72,38,4,A.PE,2,55,0.7236842105,.
8.2.2016,H061D100,ARCA,7,.,0,0,90,94,46,.,A.PE,2,70,0.7777777778,.
8.2.2016,H061D100,ARCA,8,2,0,0,81,99,86,4,A.PE,2,92.5,1.1419753086,.
8.2.2016,H061D100,ARCA,9,8,0,0,87,142,106,4,A.PE,2,124,1.4252873563,.
8.2.2016,H061D100,ARCA,10,2,0,0,69,79,23,4,A.PE,2,51,0.7391304348,.
8.2.2016,H061D100,PEAI,1,0,0,0,26,25,18,2,A.PE,2,21.5,0.8269230769,.
8.2.2016,H061D100,PEAI,2,0,0,0,31,16,6,2,A.PE,2,11,0.3548387097,.
8.2.2016,H061D100,PEAI,3,0,0,0,35,22,19,2,A.PE,2,20.5,0.5857142857,.
8.2.2016,H061D100,PEAI,4,0,0,0,34,15,8,2,A.PE,2,11.5,0.3382352941,.
8.2.2016,H061D100,PEAI,5,0,0,0,38,25,18,2,A.PE,2,21.5,0.5657894737,.
8.2.2016,H061D100,PEAI,6,0,0,0,46,31,10,2,A.PE,2,20.5,0.4456521739,.
8.2.2016,H061D100,PEAI,7,0,0,0,36,19,4,2,A.PE,2,11.5,0.3194444444,.
8.2.2016,H061D100,PEAI,8,0,0,0,21,9,2,2,A.PE,2,5.5,0.2619047619,.
8.2.2016,H061D100,PEAI,9,0,0,0,42,29,7,2,A.PE,2,18,0.4285714286,.
8.2.2016,H061D100,PEAI,10,0,0,0,50,43,26,2,A.PE,2,34.5,0.69,.
8.2.2016,H064D100,ARCA,1,21,6,0,108,205,209,6,A.PE.V,3,207,1.9166666667,.
8.2.2016,H064D100,ARCA,2,4,0,0,40,67,58,4,A.PE.V,3,62.5,1.5625,.
8.2.2016,H064D100,ARCA,3,3,0,0,66,119,57,4,A.PE.V,3,88,1.3333333333,.
8.2.2016,H064D100,ARCA,4,4,0,0,74,106,98,4,A.PE.V,3,102,1.3783783784,.
8.2.2016,H064D100,ARCA,5,4,0,0,63,81,31,4,A.PE.V,3,56,0.8888888889,.
8.2.2016,H064D100,ARCA,6,2,0,0,96,95,82,4,A.PE.V,3,88.5,0.921875,.
8.2.2016,H064D100,PEAI,1,0,0,0,28,34,25,2,A.PE.V,3,29.5,1.0535714286,.
8.2.2016,H064D100,PEAI,2,4,1,0,76,135,96,6,A.PE.V,3,115.5,1.5197368421,.
8.2.2016,H064D100,PEAI,3,2,0,0,48,82,61,4,A.PE.V,3,71.5,1.4895833333,.
8.2.2016,H064D100,PEAI,4,0,0,0,51,46,28,2,A.PE.V,3,37,0.7254901961,.
8.2.2016,H064D100,PEAI,5,0,0,0,53,37,29,2,A.PE.V,3,33,0.6226415094,.
8.2.2016,H064D100,PEAI,6,3,0,0,70,127,122,4,A.PE.V,3,124.5,1.7785714286,.
8.2.2016,H064D100,PEAI,7,0,0,0,42,50,31,2,A.PE.V,3,40.5,0.9642857143,.
8.2.2016,H064D100,PEAI,8,0,0,0,41,28,22,2,A.PE.V,3,25,0.6097560976,.
8.2.2016,H064D100,PEAI,9,0,0,0,38,54,41,2,A.PE.V,3,47.5,1.25,.
8.2.2016,H064D100,PEAI,10,1,0,0,39,48,43,4,A.PE.V,3,45.5,1.1666666667,.
8.2.2016,H064D100,VERO,1,.,0,0,39,212,159,4,A.PE.V,3,185.5,4.7564102564,.
8.4.2016,H068D100,ARCA,1,3,0,0,67,58,32,4,A.PE.V,3,45,0.671641791,.
8.4.2016,H068D100,ARCA,2,1,0,0,58,20,17,4,A.PE.V,3,18.5,0.3189655172,.
8.4.2016,H068D100,ARCA,3,1,0,0,66,33,2,4,A.PE.V,3,17.5,0.2651515152,.
8.4.2016,H068D100,ARCA,4,2,0,0,56,68,58,4,A.PE.V,3,63,1.125,.
8.4.2016,H068D100,ARCA,5,1,0,0,30,22,12,4,A.PE.V,3,17,0.5666666667,.
8.4.2016,H068D100,ARCA,6,5,0,0,173,148,135,4,A.PE.V,3,141.5,0.8179190751,.
8.4.2016,H068D100,ARCA,7,1,0,0,43,62,50,4,A.PE.V,3,56,1.3023255814,.
8.4.2016,H068D100,ARCA,8,2,0,0,72,47,4,4,A.PE.V,3,25.5,0.3541666667,.
8.4.2016,H068D100,ARCA,9,1,0,0,69,45,43,4,A.PE.V,3,44,0.6376811594,.
8.4.2016,H068D100,ARCA,10,1,0,0,80,45,26,4,A.PE.V,3,35.5,0.44375,.
8.4.2016,H068D100,PEAI,1,0,0,0,14,14,8,2,A.PE.V,3,11,0.7857142857,.
8.4.2016,H068D100,PEAI,2,0,0,0,18,14,3,2,A.PE.V,3,8.5,0.4722222222,.
8.4.2016,H068D100,PEAI,3,0,0,0,26,20,110,2,A.PE.V,3,65,2.5,.
8.4.2016,H068D100,PEAI,4,0,0,0,35,25,2,2,A.PE.V,3,13.5,0.3857142857,.
8.4.2016,H068D100,PEAI,5,0,0,0,37,32,6,2,A.PE.V,3,19,0.5135135135,.
8.4.2016,H068D100,PEAI,6,0,0,0,32,14,5,2,A.PE.V,3,9.5,0.296875,.
8.4.2016,H068D100,PEAI,7,0,0,0,39,34,2,2,A.PE.V,3,18,0.4615384615,.
8.4.2016,H068D100,PEAI,8,0,0,0,28,15,2,2,A.PE.V,3,8.5,0.3035714286,.
8.4.2016,H068D100,PEAI,9,0,0,0,30,20,6,2,A.PE.V,3,13,0.4333333333,.
8.4.2016,H068D100,PEAI,10,0,0,0,14,23,4,2,A.PE.V,3,13.5,0.9642857143,.
8.4.2016,H068D100,VERO,1,11,0,0,48,78,40,4,A.PE.V,3,59,1.2291666667,.
8.4.2016,H068D100,VERO,2,11,0,0,45,71,70,4,A.PE.V,3,70.5,1.5666666667,.
8.4.2016,H068D100,VERO,3,9,0,0,61,98,85,4,A.PE.V,3,91.5,1.5,.
8.4.2016,H068D100,VERO,4,2,0,0,40,25,16,4,A.PE.V,3,20.5,0.5125,.
8.4.2016,H068D100,VERO,5,6,0,0,48,70,61,4,A.PE.V,3,65.5,1.3645833333,.
8.4.2016,H068D100,VERO,6,5,0,0,64,74,65,4,A.PE.V,3,69.5,1.0859375,.
8.4.2016,H068D100,VERO,7,3,0,0,42,36,30,4,A.PE.V,3,33,0.7857142857,.
8.4.2016,H068D100,VERO,8,4,0,0,43,45,30,4,A.PE.V,3,37.5,0.8720930233,.
8.4.2016,H068D100,VERO,9,4,0,0,38,42,40,4,A.PE.V,3,41,1.0789473684,.
8.4.2016,H068D100,VERO,10,1,0,0,19,27,16,4,A.PE.V,3,21.5,1.1315789474,.
8.4.2016,H069D100,PEAI,1,3,0,0,25,14,11,2,PE.V,2,12.5,0.5,.
8.4.2016,H069D100,VERO,1,3,0,0,30,30,25,4,PE.V,2,27.5,0.9166666667,.
8.4.2016,H069D100,VERO,2,5,0,0,31,32,30,4,PE.V,2,31,1,.
8.4.2016,H069D100,VERO,3,3,0,0,22,38,23,4,PE.V,2,30.5,1.3863636364,.
8.4.2016,H069D100,VERO,4,4,0,0,18,17,15,4,PE.V,2,16,0.8888888889,.
8.4.2016,H069D100,VERO,5,3,0,0,33,47,28,4,PE.V,2,37.5,1.1363636364,.
8.4.2016,H069D100,VERO,6,1,0,0,21,25,20,4,PE.V,2,22.5,1.0714285714,.
8.4.2016,H069D100,VERO,7,1,0,0,19,13,11,4,PE.V,2,12,0.6315789474,.
8.4.2016,H069D100,VERO,8,0,0,0,16,15,14,4,PE.V,2,14.5,0.90625,.
8.4.2016,H069D100,VERO,9,8,0,0,11,10,7,2,PE.V,2,8.5,0.7727272727,.
8.4.2016,H069D100,VERO,10,0,0,0,45,63,35,4,PE.V,2,49,1.0888888889,.
8.4.2016,H070D100,VERO,1,14,0,0,42,80,49,4,V,1,64.5,1.5357142857,.
8.4.2016,H070D100,VERO,2,29,0,0,50,178,109,4,V,1,143.5,2.87,.
8.4.2016,H070D100,VERO,3,12,0,0,62,88,59,4,V,1,73.5,1.185483871,.
8.4.2016,H070D100,VERO,4,59,1,0,51,224,162,6,V,1,193,3.7843137255,.
8.4.2016,H070D100,VERO,5,12,0,0,52,92,62,4,V,1,77,1.4807692308,.
8.4.2016,H070D100,VERO,6,17,0,0,61,102,48,4,V,1,75,1.2295081967,.
8.4.2016,H070D100,VERO,7,14,0,0,54,107,89,4,V,1,98,1.8148148148,.
8.4.2016,H070D100,VERO,8,27,0,0,72,220,173,4,V,1,196.5,2.7291666667,.
8.4.2016,H070D100,VERO,9,10,0,0,48,73,30,4,V,1,51.5,1.0729166667,.
8.4.2016,H070D100,VERO,10,13,0,0,53,158,121,4,V,1,139.5,2.6320754717,.
7.27.2016,H071D100,PEAI,1,0,0,0,35,91,86,2,PE,1,88.5,2.5285714286,.
7.27.2016,H071D100,PEAI,2,0,0,0,31,63,48,2,PE,1,55.5,1.7903225806,.
7.27.2016,H071D100,PEAI,3,0,0,0,27,59,55,2,PE,1,57,2.1111111111,.
7.27.2016,H071D100,PEAI,4,0,0,0,40,33,24,2,PE,1,28.5,0.7125,.
7.27.2016,H071D100,PEAI,5,0,0,0,39,36,34,2,PE,1,35,0.8974358974,.
7.27.2016,H071D100,PEAI,6,0,0,0,29,23,3,2,PE,1,13,0.4482758621,.
7.27.2016,H071D100,PEAI,7,0,0,0,23,20,13,2,PE,1,16.5,0.7173913043,.
7.27.2016,H071D100,PEAI,8,0,0,0,34,21,14,2,PE,1,17.5,0.5147058824,.
7.27.2016,H071D100,PEAI,9,0,0,0,29,41,26,2,PE,1,33.5,1.1551724138,.
7.27.2016,H071D100,PEAI,10,0,0,0,36,46,30,2,PE,1,38,1.0555555556,.
8.3.2016,H073D100,ARCA,1,0,0,0,62,78,65,4,A.PE.V,3,71.5,1.1532258065,.
8.3.2016,H073D100,ARCA,2,3,0,0,37,67,42,4,A.PE.V,3,54.5,1.472972973,.
8.3.2016,H073D100,ARCA,3,2,0,0,32,61,44,4,A.PE.V,3,52.5,1.640625,.
8.3.2016,H073D100,ARCA,4,2,0,0,31,18,9,2,A.PE.V,3,13.5,0.435483871,.
8.3.2016,H073D100,ARCA,5,0,0,0,52,101,79,4,A.PE.V,3,90,1.7307692308,.
8.3.2016,H073D100,ARCA,6,4,0,0,64,63,42,4,A.PE.V,3,52.5,0.8203125,.
8.3.2016,H073D100,ARCA,7,3,0,0,58,4,28,4,A.PE.V,3,16,0.275862069,.
8.3.2016,H073D100,ARCA,8,2,0,0,28,17,11,2,A.PE.V,3,14,0.5,.
8.3.2016,H073D100,ARCA,9,0,0,0,18,20,11,2,A.PE.V,3,15.5,0.8611111111,.
8.3.2016,H073D100,ARCA,10,0,0,0,52,48,41,4,A.PE.V,3,44.5,0.8557692308,.
8.3.2016,H073D100,PEAI,1,3,0,0,36,23,11,2,A.PE.V,3,17,0.4722222222,.
8.3.2016,H073D100,PEAI,2,0,0,0,32,24,10,2,A.PE.V,3,17,0.53125,.
8.3.2016,H073D100,PEAI,3,0,0,0,37,22,8,2,A.PE.V,3,15,0.4054054054,.
8.3.2016,H073D100,PEAI,4,0,0,0,39,31,9,2,A.PE.V,3,20,0.5128205128,.
8.3.2016,H073D100,PEAI,5,0,0,0,42,34,8,2,A.PE.V,3,21,0.5,.
8.3.2016,H073D100,PEAI,6,0,0,0,28,24,6,2,A.PE.V,3,15,0.5357142857,.
8.3.2016,H073D100,PEAI,7,0,0,0,53,33,12,2,A.PE.V,3,22.5,0.4245283019,.
8.3.2016,H073D100,PEAI,8,0,0,0,41,31,12,2,A.PE.V,3,21.5,0.5243902439,.
8.3.2016,H073D100,PEAI,9,0,0,0,42,36,19,2,A.PE.V,3,27.5,0.6547619048,.
8.3.2016,H073D100,PEAI,10,0,0,0,33,24,13,2,A.PE.V,3,18.5,0.5606060606,.
8.3.2016,H073D100,VERO,1,0,0,0,28,24,18,4,A.PE.V,3,21,0.75,.
8.3.2016,H073D100,VERO,2,5,0,0,29,37,22,4,A.PE.V,3,29.5,1.0172413793,.
8.3.2016,H073D100,VERO,3,8,0,0,41,34,25,4,A.PE.V,3,29.5,0.7195121951,.
8.3.2016,H073D100,VERO,4,5,0,0,47,47,32,4,A.PE.V,3,39.5,0.8404255319,.
8.3.2016,H073D100,VERO,5,9,0,0,31,37,28,4,A.PE.V,3,32.5,1.0483870968,.
8.3.2016,H073D100,VERO,6,7,0,0,47,48,37,4,A.PE.V,3,42.5,0.9042553191,.
8.3.2016,H073D100,VERO,7,9,0,0,48,78,42,4,A.PE.V,3,60,1.25,.
8.3.2016,H073D100,VERO,8,8,0,0,49,38,27,4,A.PE.V,3,32.5,0.6632653061,.
8.3.2016,H073D100,VERO,9,9,0,0,44,98,47,4,A.PE.V,3,72.5,1.6477272727,.
8.3.2016,H073D100,VERO,10,13,0,0,58,64,25,4,A.PE.V,3,44.5,0.7672413793,.
8.4.2016,H076D100,ARCA,1,6,0,0,107,227,193,4,A.PE,2,210,1.9626168224,.
8.4.2016,H076D100,ARCA,2,13,0,0,121,171,138,4,A.PE,2,154.5,1.2768595041,.
8.4.2016,H076D100,ARCA,3,3,0,0,158,130,60,4,A.PE,2,95,0.6012658228,.
8.4.2016,H076D100,ARCA,4,8,0,0,141,169,147,4,A.PE,2,158,1.1205673759,.
8.4.2016,H076D100,ARCA,5,18,0,0,124,197,168,4,A.PE,2,182.5,1.4717741935,.
8.4.2016,H076D100,ARCA,6,20,0,0,108,225,210,4,A.PE,2,217.5,2.0138888889,.
8.4.2016,H076D100,ARCA,7,12,0,0,122,190,95,4,A.PE,2,142.5,1.1680327869,.
8.4.2016,H076D100,ARCA,8,7,0,0,90,140,65,4,A.PE,2,102.5,1.1388888889,.
8.4.2016,H076D100,ARCA,9,1,0,0,76,82,66,4,A.PE,2,74,0.9736842105,.
8.4.2016,H076D100,ARCA,10,1,0,0,105,96,4,4,A.PE,2,50,0.4761904762,.
8.4.2016,H076D100,PEAI,1,3,0,0,22,61,32,4,A.PE,2,46.5,2.1136363636,.
8.4.2016,H076D100,PEAI,2,3,0,0,26,58,56,4,A.PE,2,57,2.1923076923,.
8.4.2016,H076D100,PEAI,3,4,0,0,137,187,46,4,A.PE,2,116.5,0.8503649635,.
8.4.2016,H076D100,PEAI,4,0,0,0,45,55,32,2,A.PE,2,43.5,0.9666666667,.
8.4.2016,H076D100,PEAI,5,3,0,0,42,115,83,4,A.PE,2,99,2.3571428571,.
8.4.2016,H076D100,PEAI,6,1,1,0,53,144,46,6,A.PE,2,95,1.7924528302,.
8.4.2016,H076D100,PEAI,7,1,0,0,56,125,24,4,A.PE,2,74.5,1.3303571429,.
8.4.2016,H076D100,PEAI,8,0,0,0,58,40,5,2,A.PE,2,22.5,0.3879310345,.
8.4.2016,H076D100,PEAI,9,1,0,0,72,42,45,4,A.PE,2,43.5,0.6041666667,.
8.4.2016,H076D100,PEAI,10,0,0,0,43,40,32,2,A.PE,2,36,0.8372093023,.
8.28.2017,H081D100,VERO,1,6,4,7,110,.,.,8,PE.P.V,3,.,.,.
8.28.2017,H081D100,POCA,4,6,0,0,331,.,.,5,PE.P.V,3,.,.,.
8.28.2017,H081D100,POCA,6,1,0,0,80,.,.,5,PE.P.V,3,.,.,.
8.3.2016,H081D100,PEAI,1,0,0,0,31,24,5,2,PE.P.V,3,14.5,0.4677419355,.
8.3.2016,H081D100,POCA,1,0,0,0,98,41,24,4,PE.P.V,3,32.5,0.3316326531,.
8.3.2016,H081D100,POCA,2,1,0,0,64,21,9,4,PE.P.V,3,15,0.234375,.
8.3.2016,H081D100,POCA,3,1,0,0,81,21,16,4,PE.P.V,3,18.5,0.2283950617,.
8.3.2016,H081D100,POCA,4,1,0,0,112,25,18,4,PE.P.V,3,21.5,0.1919642857,.
8.3.2016,H081D100,POCA,5,1,0,0,98,60,19,4,PE.P.V,3,39.5,0.4030612245,.
8.3.2016,H081D100,POCA,6,1,0,0,155,121,36,4,PE.P.V,3,78.5,0.5064516129,.
8.3.2016,H081D100,POCA,7,5,0,0,55,22,10,2,PE.P.V,3,16,0.2909090909,.
8.3.2016,H081D100,POCA,8,0,0,0,67,35,28,4,PE.P.V,3,31.5,0.4701492537,.
8.3.2016,H081D100,POCA,9,2,0,0,47,16,8,2,PE.P.V,3,12,0.2553191489,.
8.3.2016,H081D100,POCA,10,0,0,0,82,68,24,4,PE.P.V,3,46,0.5609756098,.
8.3.2016,H081D100,VERO,1,1,3,0,71,141,35,6,PE.P.V,3,88,1.2394366197,.
8.3.2016,H081D100,VERO,2,12,0,0,29,39,20,4,PE.P.V,3,29.5,1.0172413793,.
8.3.2016,H081D100,VERO,3,9,0,0,29,40,19,4,PE.P.V,3,29.5,1.0172413793,.
8.3.2016,H081D100,VERO,4,8,0,0,25,17,9,4,PE.P.V,3,13,0.52,.
8.3.2016,H081D100,VERO,5,1,0,0,53,101,42,4,PE.P.V,3,71.5,1.3490566038,.
8.3.2016,H081D100,VERO,6,11,0,0,30,56,23,4,PE.P.V,3,39.5,1.3166666667,.
8.3.2016,H081D100,VERO,7,10,0,0,25,32,17,4,PE.P.V,3,24.5,0.98,.
8.3.2016,H081D100,VERO,8,7,0,0,46,63,24,4,PE.P.V,3,43.5,0.9456521739,.
8.3.2016,H081D100,VERO,9,9,0,0,40,84,40,4,PE.P.V,3,62,1.55,.
8.3.2016,H081D100,VERO,10,19,0,0,12,15,11,2,PE.P.V,3,13,1.0833333333,.
8.3.2016,H082D100,PEAI,1,2,0,0,92,68,51,4,PE.P.V,3,59.5,0.6467391304,.
8.3.2016,H082D100,PEAI,2,0,0,0,35,33,11,2,PE.P.V,3,22,0.6285714286,.
8.3.2016,H082D100,PEAI,3,2,0,0,84,61,22,4,PE.P.V,3,41.5,0.494047619,.
8.3.2016,H082D100,PEAI,4,0,0,0,28,22,4,2,PE.P.V,3,13,0.4642857143,.
8.3.2016,H082D100,PEAI,5,0,0,0,51,31,17,2,PE.P.V,3,24,0.4705882353,.
8.3.2016,H082D100,PEAI,6,0,0,0,36,22,12,2,PE.P.V,3,17,0.4722222222,.
8.3.2016,H082D100,PEAI,7,1,0,0,35,44,21,4,PE.P.V,3,32.5,0.9285714286,.
8.3.2016,H082D100,PEAI,8,0,0,0,52,27,8,2,PE.P.V,3,17.5,0.3365384615,.
8.3.2016,H082D100,PEAI,9,0,0,0,48,26,12,2,PE.P.V,3,19,0.3958333333,.
8.3.2016,H082D100,PEAI,10,0,0,0,47,25,14,2,PE.P.V,3,19.5,0.414893617,.
8.3.2016,H082D100,POCA,1,1,0,0,194,86,80,4,PE.P.V,3,83,0.4278350515,.
8.3.2016,H082D100,POCA,2,0,0,0,49,32,12,3,PE.P.V,3,22,0.4489795918,.
8.3.2016,H082D100,POCA,3,4,0,0,105,74,63,4,PE.P.V,3,68.5,0.6523809524,.
8.3.2016,H082D100,POCA,4,1,0,0,41,17,11,4,PE.P.V,3,14,0.3414634146,.
8.3.2016,H082D100,POCA,5,5,0,0,81,63,29,4,PE.P.V,3,46,0.5679012346,.
8.3.2016,H082D100,POCA,6,1,0,0,46,40,6,4,PE.P.V,3,23,0.5,.
8.3.2016,H082D100,POCA,7,2,0,0,110,71,44,4,PE.P.V,3,57.5,0.5227272727,.
8.3.2016,H082D100,POCA,8,2,0,0,112,52,40,4,PE.P.V,3,46,0.4107142857,.
8.3.2016,H082D100,POCA,9,7,0,0,197,155,43,4,PE.P.V,3,99,0.5025380711,.
8.3.2016,H082D100,POCA,10,1,0,0,132,61,20,4,PE.P.V,3,40.5,0.3068181818,.
8.3.2016,H082D100,VERO,1,2,0,0,15,16,11,4,PE.P.V,3,13.5,0.9,.
8.3.2016,H082D100,VERO,2,16,0,0,71,141,69,4,PE.P.V,3,105,1.4788732394,.
8.3.2016,H082D100,VERO,3,7,0,0,53,60,24,4,PE.P.V,3,42,0.7924528302,.
8.3.2016,H082D100,VERO,4,3,0,0,29,27,23,4,PE.P.V,3,25,0.8620689655,.
8.3.2016,H082D100,VERO,5,28,0,0,39,115,38,4,PE.P.V,3,76.5,1.9615384615,.
8.3.2016,H082D100,VERO,6,10,0,0,22,52,25,4,PE.P.V,3,38.5,1.75,.
8.3.2016,H082D100,VERO,7,12,0,0,35,49,22,4,PE.P.V,3,35.5,1.0142857143,.
8.3.2016,H082D100,VERO,8,.,.,.,.,.,.,.,PE.P.V,3,.,.,.
8.3.2016,H082D100,VERO,9,2,0,0,46,41,24,4,PE.P.V,3,32.5,0.7065217391,.
8.3.2016,H082D100,VERO,10,3,0,0,51,89,36,4,PE.P.V,3,62.5,1.2254901961,.
8.6.2016,H083D100,VERO,1,13,0,0,41,84,41,4,A.PE.P.V,4,62.5,1.5243902439,.
8.6.2016,H083D100,VERO,2,2,0,0,40,35,12,4,A.PE.P.V,4,23.5,0.5875,.
8.6.2016,H083D100,VERO,3,3,0,0,33,42,30,4,A.PE.P.V,4,36,1.0909090909,.
8.6.2016,H083D100,VERO,4,4,0,0,40,33,26,4,A.PE.P.V,4,29.5,0.7375,.
8.6.2016,H083D100,VERO,5,4,0,0,37,48,12,4,A.PE.P.V,4,30,0.8108108108,.
8.6.2016,H083D100,VERO,6,8,0,0,52,74,25,4,A.PE.P.V,4,49.5,0.9519230769,.
8.6.2016,H083D100,VERO,7,1,0,0,28,41,30,4,A.PE.P.V,4,35.5,1.2678571429,.
8.6.2016,H083D100,VERO,8,3,0,0,33,68,17,4,A.PE.P.V,4,42.5,1.2878787879,.
8.6.2016,H083D100,VERO,9,7,0,0,50,48,30,4,A.PE.P.V,4,39,0.78,.
8.6.2016,H083D100,VERO,10,1,0,0,28,18,12,4,A.PE.P.V,4,15,0.5357142857,.
8.6.2016,H083D100,ARCA,1,3,0,0,63,35,11,4,A.PE.P.V,4,23,0.3650793651,.
8.6.2016,H083D100,ARCA,2,6,0,0,49,154,45,4,A.PE.P.V,4,99.5,2.0306122449,.
8.6.2016,H083D100,ARCA,3,3,0,0,63,103,53,4,A.PE.P.V,4,78,1.2380952381,.
8.6.2016,H083D100,ARCA,4,3,0,0,58,65,37,4,A.PE.P.V,4,51,0.8793103448,.
8.6.2016,H083D100,ARCA,5,1,0,0,47,65,42,4,A.PE.P.V,4,53.5,1.1382978723,.
8.6.2016,H083D100,ARCA,6,1,1,0,205,65,20,6,A.PE.P.V,4,42.5,0.2073170732,.
8.6.2016,H083D100,ARCA,7,1,4,0,70,84,39,6,A.PE.P.V,4,61.5,0.8785714286,.
8.6.2016,H083D100,ARCA,8,6,0,0,75,75,70,4,A.PE.P.V,4,72.5,0.9666666667,.
8.6.2016,H083D100,ARCA,9,1,1,0,125,140,30,6,A.PE.P.V,4,85,0.68,.
8.6.2016,H083D100,ARCA,10,13,0,0,69,120,105,4,A.PE.P.V,4,112.5,1.6304347826,.
8.6.2016,H083D100,POCA,1,0,0,0,60,21,9,2,A.PE.P.V,4,15,0.25,.
8.6.2016,H083D100,POCA,2,2,0,0,143,60,18,4,A.PE.P.V,4,39,0.2727272727,.
8.6.2016,H083D100,POCA,3,1,0,0,140,36,14,4,A.PE.P.V,4,25,0.1785714286,.
8.6.2016,H083D100,POCA,4,7,0,0,167,60,28,4,A.PE.P.V,4,44,0.2634730539,.
8.6.2016,H083D100,POCA,5,5,0,0,294,62,42,4,A.PE.P.V,4,52,0.1768707483,.
8.6.2016,H083D100,POCA,6,9,0,0,170,55,6,4,A.PE.P.V,4,30.5,0.1794117647,.
8.6.2016,H083D100,POCA,7,1,0,0,134,43,36,4,A.PE.P.V,4,39.5,0.2947761194,.
8.6.2016,H083D100,POCA,8,1,0,0,93,28,15,4,A.PE.P.V,4,21.5,0.2311827957,.
8.6.2016,H083D100,POCA,9,8,0,0,303,76,55,4,A.PE.P.V,4,65.5,0.2161716172,.
8.6.2016,H083D100,POCA,10,2,0,0,152,33,14,4,A.PE.P.V,4,23.5,0.1546052632,.
8.6.2016,H083D100,PEAI,1,9,0,0,38,24,9,2,A.PE.P.V,4,16.5,0.4342105263,.
8.6.2016,H084D100,ARCA,1,1,4,0,22,100,25,6,A.PE.P.V,4,62.5,2.8409090909,.
8.6.2016,H084D100,ARCA,2,2,0,0,41,51,13,4,A.PE.P.V,4,32,0.7804878049,.
8.6.2016,H084D100,ARCA,3,2,0,0,58,75,20,4,A.PE.P.V,4,47.5,0.8189655172,.
8.6.2016,H084D100,ARCA,4,3,8,1,178,155,83,8,A.PE.P.V,4,119,0.6685393258,.
8.6.2016,H084D100,ARCA,5,1,0,0,33,36,24,4,A.PE.P.V,4,30,0.9090909091,.
8.6.2016,H084D100,ARCA,6,6,0,0,72,63,34,4,A.PE.P.V,4,48.5,0.6736111111,.
8.6.2016,H084D100,ARCA,7,3,0,0,71,51,42,4,A.PE.P.V,4,46.5,0.6549295775,.
8.6.2016,H084D100,ARCA,8,0,3,0,129,103,55,6,A.PE.P.V,4,79,0.6124031008,.
8.6.2016,H084D100,ARCA,9,2,0,0,62,118,54,4,A.PE.P.V,4,86,1.3870967742,.
8.6.2016,H084D100,ARCA,10,1,3,0,91,96,11,6,A.PE.P.V,4,53.5,0.5879120879,.
8.6.2016,H084D100,PEAI,1,0,0,0,40,23,2,2,A.PE.P.V,4,12.5,0.3125,.
8.6.2016,H084D100,PEAI,2,0,0,0,62,12,2,2,A.PE.P.V,4,7,0.1129032258,.
8.6.2016,H084D100,PEAI,3,0,0,0,13,8,2,2,A.PE.P.V,4,5,0.3846153846,.
8.6.2016,H084D100,PEAI,4,0,0,0,48,42,35,2,A.PE.P.V,4,38.5,0.8020833333,.
8.6.2016,H084D100,PEAI,5,0,0,0,22,15,4,2,A.PE.P.V,4,9.5,0.4318181818,.
8.6.2016,H084D100,PEAI,6,0,0,0,25,10,5,2,A.PE.P.V,4,7.5,0.3,.
8.6.2016,H084D100,PEAI,7,0,0,0,45,21,9,2,A.PE.P.V,4,15,0.3333333333,.
8.6.2016,H084D100,PEAI,8,0,0,0,38,13,3,2,A.PE.P.V,4,8,0.2105263158,.
8.6.2016,H084D100,PEAI,9,0,0,0,33,15,4,2,A.PE.P.V,4,9.5,0.2878787879,.
8.6.2016,H084D100,PEAI,10,0,0,0,43,20,4,2,A.PE.P.V,4,12,0.2790697674,.
8.6.2016,H084D100,POCA,1,3,0,0,139,31,11,4,A.PE.P.V,4,21,0.1510791367,.
8.6.2016,H084D100,POCA,2,4,0,0,233,40,30,4,A.PE.P.V,4,35,0.1502145923,.
8.6.2016,H084D100,POCA,3,1,0,0,35,30,10,4,A.PE.P.V,4,20,0.5714285714,.
8.6.2016,H084D100,POCA,4,3,0,0,201,66,45,4,A.PE.P.V,4,55.5,0.276119403,.
8.6.2016,H084D100,POCA,5,2,0,0,210,38,35,4,A.PE.P.V,4,36.5,0.1738095238,.
8.6.2016,H084D100,POCA,6,2,0,0,155,53,25,4,A.PE.P.V,4,39,0.2516129032,.
8.6.2016,H084D100,POCA,7,2,0,0,225,28,10,4,A.PE.P.V,4,19,0.0844444444,.
8.6.2016,H084D100,POCA,8,1,0,0,140,27,13,4,A.PE.P.V,4,20,0.1428571429,.
8.6.2016,H084D100,POCA,9,1,0,0,122,60,20,4,A.PE.P.V,4,40,0.3278688525,.
8.6.2016,H084D100,POCA,10,4,0,0,283,35,30,4,A.PE.P.V,4,32.5,0.1148409894,.
8.6.2016,H084D100,VERO,1,16,0,0,57,134,106,4,A.PE.P.V,4,120,2.1052631579,.
8.6.2016,H084D100,VERO,2,13,0,0,61,102,32,4,A.PE.P.V,4,67,1.0983606557,.
8.6.2016,H084D100,VERO,3,10,0,0,50,72,70,4,A.PE.P.V,4,71,1.42,.
8.6.2016,H084D100,VERO,4,3,0,0,28,31,11,4,A.PE.P.V,4,21,0.75,.
8.6.2016,H084D100,VERO,5,3,0,0,64,55,18,4,A.PE.P.V,4,36.5,0.5703125,.
8.6.2016,H084D100,VERO,6,4,0,0,23,58,15,4,A.PE.P.V,4,36.5,1.5869565217,.
8.6.2016,H084D100,VERO,7,15,0,0,56,68,63,4,A.PE.P.V,4,65.5,1.1696428571,.
8.6.2016,H084D100,VERO,8,2,0,0,26,26,2,4,A.PE.P.V,4,14,0.5384615385,.
8.16.2016,H086D100,ARCA,1,8,0,0,74,117,114,4,A.PE.P.V,4,115.5,1.5608108108,.
8.16.2016,H086D100,PEAI,1,0,0,0,58,21,6,2,A.PE.P.V,4,13.5,0.2327586207,.
8.16.2016,H086D100,PEAI,2,1,0,0,68,23,6,4,A.PE.P.V,4,14.5,0.2132352941,.
8.16.2016,H086D100,PEAI,3,0,0,0,42,36,5,2,A.PE.P.V,4,20.5,0.4880952381,.
8.16.2016,H086D100,PEAI,4,0,0,0,24,14,6,2,A.PE.P.V,4,10,0.4166666667,.
8.16.2016,H086D100,PEAI,5,0,0,0,41,20,10,2,A.PE.P.V,4,15,0.3658536585,.
8.16.2016,H086D100,PEAI,6,0,0,0,52,42,22,2,A.PE.P.V,4,32,0.6153846154,.
8.16.2016,H086D100,PEAI,7,0,0,0,60,21,8,2,A.PE.P.V,4,14.5,0.2416666667,.
8.16.2016,H086D100,PEAI,8,0,0,0,39,31,4,2,A.PE.P.V,4,17.5,0.4487179487,.
8.16.2016,H086D100,PEAI,9,0,0,0,45,27,11,2,A.PE.P.V,4,19,0.4222222222,.
8.16.2016,H086D100,PEAI,10,1,0,0,50,21,10,4,A.PE.P.V,4,15.5,0.31,.
8.16.2016,H086D100,POCA,1,3,0,0,161,45,45,4,A.PE.P.V,4,45,0.2795031056,.
8.16.2016,H086D100,POCA,2,2,0,0,70,51,23,4,A.PE.P.V,4,37,0.5285714286,.
8.16.2016,H086D100,POCA,3,2,0,0,188,41,4,4,A.PE.P.V,4,22.5,0.1196808511,.
8.16.2016,H086D100,POCA,4,1,0,0,163,46,40,4,A.PE.P.V,4,43,0.263803681,.
8.16.2016,H086D100,POCA,5,0,0,0,83,40,16,2,A.PE.P.V,4,28,0.3373493976,.
8.16.2016,H086D100,POCA,6,2,0,0,146,82,13,4,A.PE.P.V,4,47.5,0.3253424658,.
8.16.2016,H086D100,POCA,7,2,0,0,116,30,26,4,A.PE.P.V,4,28,0.2413793103,.
8.16.2016,H086D100,POCA,8,2,0,0,190,43,36,4,A.PE.P.V,4,39.5,0.2078947368,.
8.16.2016,H086D100,POCA,9,3,0,0,210,47,11,4,A.PE.P.V,4,29,0.1380952381,.
8.16.2016,H086D100,POCA,10,0,0,0,82,23,12,2,A.PE.P.V,4,17.5,0.2134146341,.
8.16.2016,H086D100,VERO,1,24,1,0,78,124,116,4,A.PE.P.V,4,120,1.5384615385,.
8.16.2016,H086D100,VERO,2,30,2,0,124,141,98,4,A.PE.P.V,4,119.5,0.9637096774,.
8.16.2016,H086D100,VERO,3,9,0,0,101,67,28,4,A.PE.P.V,4,47.5,0.4702970297,.
8.16.2016,H086D100,VERO,4,16,0,0,78,71,52,4,A.PE.P.V,4,61.5,0.7884615385,.
8.16.2016,H086D100,VERO,5,7,0,0,46,73,18,4,A.PE.P.V,4,45.5,0.9891304348,.
8.16.2016,H086D100,VERO,6,4,0,0,60,51,23,4,A.PE.P.V,4,37,0.6166666667,.
8.16.2016,H086D100,VERO,7,15,2,0,149,140,98,4,A.PE.P.V,4,119,0.7986577181,.
8.16.2016,H086D100,VERO,8,23,1,0,103,136,56,4,A.PE.P.V,4,96,0.932038835,.
8.16.2016,H086D100,VERO,9,16,0,0,91,127,45,4,A.PE.P.V,4,86,0.9450549451,.
8.16.2016,H086D100,VERO,10,22,0,0,93,167,80,4,A.PE.P.V,4,123.5,1.3279569892,.
8.15.2016,H087D100,POCA,1,1,0,0,40,23,10,4,P.V,2,16.5,0.4125,.
8.15.2016,H087D100,POCA,2,1,0,0,109,29,16,4,P.V,2,22.5,0.2064220183,.
8.15.2016,H087D100,POCA,3,0,0,0,36,25,4,2,P.V,2,14.5,0.4027777778,.
8.15.2016,H087D100,POCA,4,1,0,0,35,15,12,4,P.V,2,13.5,0.3857142857,.
8.15.2016,H087D100,POCA,5,1,0,0,116,30,24,4,P.V,2,27,0.2327586207,.
8.15.2016,H087D100,POCA,6,1,0,0,49,24,17,4,P.V,2,20.5,0.4183673469,.
8.15.2016,H087D100,POCA,7,1,0,0,46,21,15,4,P.V,2,18,0.3913043478,.
8.15.2016,H087D100,POCA,8,0,0,0,18,12,4,2,P.V,2,8,0.4444444444,.
8.15.2016,H087D100,POCA,9,1,0,0,68,20,12,4,P.V,2,16,0.2352941176,.
8.15.2016,H087D100,POCA,10,0,0,0,32,18,15,2,P.V,2,16.5,0.515625,.
8.15.2016,H087D100,VERO,1,4,0,0,15,37,14,4,P.V,2,25.5,1.7,.
8.15.2016,H087D100,VERO,2,6,0,0,18,30,28,4,P.V,2,29,1.6111111111,.
8.15.2016,H087D100,VERO,3,0,0,0,11,21,5,4,P.V,2,13,1.1818181818,.
7.28.2016,H089D100,ARCA,1,1,0,0,40,43,22,4,A.PE.P.V,4,32.5,0.8125,.
7.28.2016,H089D100,ARCA,2,1,0,0,54,57,16,4,A.PE.P.V,4,36.5,0.6759259259,.
7.28.2016,H089D100,ARCA,3,0,0,0,94,73,15,2,A.PE.P.V,4,44,0.4680851064,.
7.28.2016,H089D100,ARCA,4,2,0,0,42,29,16,4,A.PE.P.V,4,22.5,0.5357142857,.
7.28.2016,H089D100,ARCA,5,2,0,0,55,63,33,4,A.PE.P.V,4,48,0.8727272727,.
7.28.2016,H089D100,ARCA,6,1,0,0,62,40,30,4,A.PE.P.V,4,35,0.564516129,.
7.28.2016,H089D100,ARCA,7,1,1,0,133,103,52,6,A.PE.P.V,4,77.5,0.5827067669,.
7.28.2016,H089D100,ARCA,8,1,0,0,72,90,22,4,A.PE.P.V,4,56,0.7777777778,.
7.28.2016,H089D100,ARCA,9,0,0,0,55,70,33,2,A.PE.P.V,4,51.5,0.9363636364,.
7.28.2016,H089D100,ARCA,10,0,0,0,43,65,37,2,A.PE.P.V,4,51,1.1860465116,.
7.28.2016,H089D100,PEAI,1,0,0,0,34,25,3,2,A.PE.P.V,4,14,0.4117647059,.
7.28.2016,H089D100,PEAI,2,0,0,0,35,23,2,2,A.PE.P.V,4,12.5,0.3571428571,.
7.28.2016,H089D100,PEAI,3,0,0,0,34,25,2,2,A.PE.P.V,4,13.5,0.3970588235,.
7.28.2016,H089D100,PEAI,4,0,0,0,30,28,3,2,A.PE.P.V,4,15.5,0.5166666667,.
7.28.2016,H089D100,PEAI,5,0,0,0,31,22,15,2,A.PE.P.V,4,18.5,0.5967741935,.
7.28.2016,H089D100,PEAI,6,0,0,0,30,39,2,2,A.PE.P.V,4,20.5,0.6833333333,.
7.28.2016,H089D100,PEAI,7,0,0,0,36,36,4,2,A.PE.P.V,4,20,0.5555555556,.
7.28.2016,H089D100,PEAI,8,0,0,0,50,28,25,2,A.PE.P.V,4,26.5,0.53,.
7.28.2016,H089D100,PEAI,9,0,0,0,48,37,8,2,A.PE.P.V,4,22.5,0.46875,.
7.28.2016,H089D100,PEAI,10,0,0,0,29,25,2,2,A.PE.P.V,4,13.5,0.4655172414,.
7.28.2016,H089D100,POCA,1,0,0,0,83,49,9,2,A.PE.P.V,4,29,0.3493975904,.
7.28.2016,H089D100,POCA,2,1,0,0,78,62,19,4,A.PE.P.V,4,40.5,0.5192307692,.
7.28.2016,H089D100,POCA,3,0,0,0,52,35,29,2,A.PE.P.V,4,32,0.6153846154,.
7.28.2016,H089D100,POCA,4,0,0,0,151,89,30,2,A.PE.P.V,4,59.5,0.3940397351,.
7.28.2016,H089D100,POCA,5,0,0,0,86,63,35,2,A.PE.P.V,4,49,0.5697674419,.
7.28.2016,H089D100,POCA,6,0,0,0,73,36,18,2,A.PE.P.V,4,27,0.3698630137,.
7.28.2016,H089D100,POCA,7,1,0,0,76,57,48,4,A.PE.P.V,4,52.5,0.6907894737,.
7.28.2016,H089D100,POCA,8,1,0,0,96,62,35,4,A.PE.P.V,4,48.5,0.5052083333,.
7.28.2016,H089D100,POCA,9,2,0,0,115,47,35,4,A.PE.P.V,4,41,0.3565217391,.
7.28.2016,H089D100,POCA,10,0,0,0,100,47,13,2,A.PE.P.V,4,30,0.3,.
7.28.2016,H089D100,VERO,1,12,0,0,56,79,63,4,A.PE.P.V,4,71,1.2678571429,.
7.28.2016,H089D100,VERO,2,8,0,0,42,130,65,4,A.PE.P.V,4,97.5,2.3214285714,.
7.28.2016,H089D100,VERO,3,3,0,0,37,36,27,4,A.PE.P.V,4,31.5,0.8513513514,.
7.28.2016,H089D100,VERO,4,3,0,0,40,35,10,2,A.PE.P.V,4,22.5,0.5625,.
8.28.2017,H089D100,VERO,1,23,9,1,140,.,.,6,A.PE.P.V,4,.,.,.
8.28.2017,H089D100,PEAI,10,1,0,0,50,20,10,4,A.PE.P.V,4,15,0.3,.
8.28.2017,H089D100,POCA,5,.,.,.,252,.,.,.,A.PE.P.V,4,.,.,.
8.4.2016,H090D100,ARCA,1,5,0,0,44,90,83,4,A.PE.P.V,4,86.5,1.9659090909,.
8.4.2016,H090D100,ARCA,2,4,0,0,57,97,68,4,A.PE.P.V,4,82.5,1.4473684211,.
8.4.2016,H090D100,ARCA,3,2,0,0,74,63,25,4,A.PE.P.V,4,44,0.5945945946,.
8.4.2016,H090D100,ARCA,4,3,0,0,76,80,32,4,A.PE.P.V,4,56,0.7368421053,.
8.4.2016,H090D100,ARCA,5,2,0,0,69,68,51,4,A.PE.P.V,4,59.5,0.8623188406,.
8.4.2016,H090D100,ARCA,6,2,0,0,58,54,42,4,A.PE.P.V,4,48,0.8275862069,.
8.4.2016,H090D100,ARCA,7,1,0,0,52,58,36,4,A.PE.P.V,4,47,0.9038461538,.
8.4.2016,H090D100,ARCA,8,1,0,0,48,61,48,4,A.PE.P.V,4,54.5,1.1354166667,.
8.4.2016,H090D100,ARCA,9,1,0,0,54,60,40,4,A.PE.P.V,4,50,0.9259259259,.
8.4.2016,H090D100,ARCA,10,1,0,0,52,47,36,4,A.PE.P.V,4,41.5,0.7980769231,.
8.4.2016,H090D100,PEAI,1,0,0,0,30,25,23,2,A.PE.P.V,4,24,0.8,.
8.4.2016,H090D100,PEAI,2,0,0,0,24,30,21,2,A.PE.P.V,4,25.5,1.0625,.
8.4.2016,H090D100,PEAI,3,0,0,0,31,20,13,2,A.PE.P.V,4,16.5,0.5322580645,.
8.4.2016,H090D100,PEAI,4,1,0,0,38,43,20,4,A.PE.P.V,4,31.5,0.8289473684,.
8.4.2016,H090D100,PEAI,5,0,0,0,39,36,2,2,A.PE.P.V,4,19,0.4871794872,.
8.4.2016,H090D100,PEAI,6,2,0,0,41,36,13,4,A.PE.P.V,4,24.5,0.5975609756,.
8.4.2016,H090D100,PEAI,7,0,0,0,22,20,16,2,A.PE.P.V,4,18,0.8181818182,.
8.4.2016,H090D100,PEAI,8,0,0,0,25,22,18,2,A.PE.P.V,4,20,0.8,.
8.4.2016,H090D100,PEAI,9,2,0,0,47,65,6,4,A.PE.P.V,4,35.5,0.7553191489,.
8.4.2016,H090D100,PEAI,10,1,0,0,44,32,4,4,A.PE.P.V,4,18,0.4090909091,.
8.4.2016,H090D100,POCA,1,1,0,0,101,41,37,4,A.PE.P.V,4,39,0.3861386139,.
8.4.2016,H090D100,POCA,2,2,0,0,190,84,21,4,A.PE.P.V,4,52.5,0.2763157895,.
8.4.2016,H090D100,POCA,3,0,0,0,72,52,36,2,A.PE.P.V,4,44,0.6111111111,.
8.4.2016,H090D100,POCA,4,3,0,0,188,31,15,4,A.PE.P.V,4,23,0.1223404255,.
8.4.2016,H090D100,POCA,5,1,0,0,72,42,15,4,A.PE.P.V,4,28.5,0.3958333333,.
8.4.2016,H090D100,POCA,6,1,0,0,125,65,18,4,A.PE.P.V,4,41.5,0.332,.
8.4.2016,H090D100,POCA,7,1,0,0,186,50,37,4,A.PE.P.V,4,43.5,0.2338709677,.
8.4.2016,H090D100,POCA,8,1,0,0,90,37,6,4,A.PE.P.V,4,21.5,0.2388888889,.
8.4.2016,H090D100,POCA,9,0,0,0,22,17,3,2,A.PE.P.V,4,10,0.4545454545,.
8.4.2016,H090D100,POCA,10,1,0,0,73,42,4,4,A.PE.P.V,4,23,0.3150684932,.
8.4.2016,H090D100,VERO,1,3,0,0,32,34,18,4,A.PE.P.V,4,26,0.8125,.
8.4.2016,H090D100,VERO,2,8,0,0,24,30,22,4,A.PE.P.V,4,26,1.0833333333,.
8.4.2016,H090D100,VERO,3,10,0,0,34,72,28,4,A.PE.P.V,4,50,1.4705882353,.
8.4.2016,H090D100,VERO,4,9,0,0,35,42,34,4,A.PE.P.V,4,38,1.0857142857,.
8.4.2016,H090D100,VERO,5,19,1,0,40,151,90,6,A.PE.P.V,4,120.5,3.0125,.
8.4.2016,H090D100,VERO,6,12,0,0,26,76,44,4,A.PE.P.V,4,60,2.3076923077,.
8.4.2016,H090D100,VERO,7,9,0,0,63,96,54,4,A.PE.P.V,4,75,1.1904761905,.
8.4.2016,H090D100,VERO,8,13,0,0,34,60,25,4,A.PE.P.V,4,42.5,1.25,.
8.4.2016,H090D100,VERO,9,5,0,0,26,35,29,4,A.PE.P.V,4,32,1.2307692308,.
8.4.2016,H090D100,VERO,10,8,0,0,25,42,16,4,A.PE.P.V,4,29,1.16,.
8.6.2016,H091D100,POCA,1,1,0,0,148,35,30,4,A.P.V,3,32.5,0.2195945946,.
8.6.2016,H091D100,POCA,2,4,0,0,272,53,50,4,A.P.V,3,51.5,0.1893382353,.
8.6.2016,H091D100,POCA,3,2,0,0,120,20,5,4,A.P.V,3,12.5,0.1041666667,.
8.6.2016,H091D100,ARCA,1,1,0,0,35,16,11,4,A.P.V,3,13.5,0.3857142857,.
8.6.2016,H091D100,ARCA,2,2,0,0,44,43,20,4,A.P.V,3,31.5,0.7159090909,.
8.6.2016,H091D100,ARCA,3,0,2,0,143,113,21,6,A.P.V,3,67,0.4685314685,.
8.6.2016,H091D100,ARCA,4,2,0,0,51,47,35,4,A.P.V,3,41,0.8039215686,.
8.6.2016,H091D100,ARCA,5,0,1,0,61,21,15,6,A.P.V,3,18,0.2950819672,.
8.6.2016,H091D100,ARCA,6,0,1,0,55,53,5,6,A.P.V,3,29,0.5272727273,.
8.6.2016,H091D100,VERO,1,9,0,0,52,146,56,4,A.P.V,3,101,1.9423076923,.
8.6.2016,H091D100,VERO,2,8,0,0,26,57,23,4,A.P.V,3,40,1.5384615385,.
8.6.2016,H091D100,VERO,3,9,0,0,20,43,20,4,A.P.V,3,31.5,1.575,.
8.6.2016,H091D100,VERO,4,9,0,0,35,56,53,4,A.P.V,3,54.5,1.5571428571,.
8.6.2016,H091D100,VERO,5,9,0,0,27,65,34,4,A.P.V,3,49.5,1.8333333333,.
8.6.2016,H091D100,VERO,6,3,0,0,21,21,15,4,A.P.V,3,18,0.8571428571,.
8.6.2016,H091D100,VERO,7,28,3,0,34,192,105,6,A.P.V,3,148.5,4.3676470588,.
8.6.2016,H091D100,VERO,8,16,0,0,41,107,39,4,A.P.V,3,73,1.7804878049,.
8.6.2016,H091D100,VERO,9,4,0,0,27,54,25,4,A.P.V,3,39.5,1.462962963,.
8.6.2016,H091D100,VERO,10,22,0,0,32,84,60,4,A.P.V,3,72,2.25,.
8.16.2016,H094D100,ARCA,1,3,4,1,165,78,47,8,A.PE.P,3,62.5,0.3787878788,.
8.16.2016,H094D100,ARCA,2,1,3,0,120,89,85,6,A.PE.P,3,87,0.725,.
8.16.2016,H094D100,ARCA,3,1,1,0,115,45,26,6,A.PE.P,3,35.5,0.3086956522,.
8.16.2016,H094D100,ARCA,4,1,0,0,60,38,15,4,A.PE.P,3,26.5,0.4416666667,.
8.16.2016,H094D100,ARCA,5,0,0,0,64,38,33,2,A.PE.P,3,35.5,0.5546875,.
8.16.2016,H094D100,ARCA,6,4,0,0,68,102,81,4,A.PE.P,3,91.5,1.3455882353,.
8.16.2016,H094D100,ARCA,7,6,0,0,69,107,76,4,A.PE.P,3,91.5,1.3260869565,.
8.16.2016,H094D100,ARCA,8,2,0,0,79,48,17,4,A.PE.P,3,32.5,0.4113924051,.
8.16.2016,H094D100,ARCA,9,2,0,0,85,88,50,4,A.PE.P,3,69,0.8117647059,.
8.16.2016,H094D100,ARCA,10,2,0,0,61,40,25,4,A.PE.P,3,32.5,0.5327868852,.
8.16.2016,H094D100,PEAI,1,0,0,0,56,30,13,2,A.PE.P,3,21.5,0.3839285714,.
8.16.2016,H094D100,PEAI,2,0,0,0,85,42,2,2,A.PE.P,3,22,0.2588235294,.
8.16.2016,H094D100,PEAI,3,0,0,0,52,19,6,2,A.PE.P,3,12.5,0.2403846154,.
8.16.2016,H094D100,PEAI,4,0,0,0,38,27,15,2,A.PE.P,3,21,0.5526315789,.
8.16.2016,H094D100,PEAI,5,0,0,0,64,25,23,2,A.PE.P,3,24,0.375,.
8.16.2016,H094D100,PEAI,6,0,0,0,47,32,2,2,A.PE.P,3,17,0.3617021277,.
8.16.2016,H094D100,PEAI,7,0,0,0,60,25,4,2,A.PE.P,3,14.5,0.2416666667,.
8.16.2016,H094D100,PEAI,8,0,0,0,64,20,4,2,A.PE.P,3,12,0.1875,.
8.16.2016,H094D100,PEAI,9,0,0,0,41,22,8,2,A.PE.P,3,15,0.3658536585,.
8.16.2016,H094D100,PEAI,10,0,0,0,74,31,22,2,A.PE.P,3,26.5,0.3581081081,.
8.16.2016,H094D100,POCA,1,2,0,0,194,52,21,4,A.PE.P,3,36.5,0.1881443299,.
8.16.2016,H094D100,POCA,2,1,0,0,146,45,23,4,A.PE.P,3,34,0.2328767123,.
8.16.2016,H094D100,POCA,3,1,0,0,62,26,9,4,A.PE.P,3,17.5,0.2822580645,.
8.16.2016,H094D100,POCA,4,0,0,0,107,33,10,2,A.PE.P,3,21.5,0.2009345794,.
8.16.2016,H094D100,POCA,5,1,0,0,139,85,26,4,A.PE.P,3,55.5,0.3992805755,.
8.16.2016,H094D100,POCA,6,3,0,0,135,40,21,4,A.PE.P,3,30.5,0.2259259259,.
8.16.2016,H094D100,POCA,7,1,0,0,114,36,12,4,A.PE.P,3,24,0.2105263158,.
8.16.2016,H094D100,POCA,8,2,0,0,78,43,21,4,A.PE.P,3,32,0.4102564103,.
8.16.2016,H094D100,POCA,9,0,0,0,67,35,5,2,A.PE.P,3,20,0.2985074627,.
8.16.2016,H094D100,POCA,10,4,0,0,185,44,30,4,A.PE.P,3,37,0.2,.
8.28.2017,H096D100,PEAI,1,1,.,.,41,20,4,.,A.PE.P.V,4,12,0.2926829268,.
8.28.2017,H096D100,PEAI,2,.,.,.,69,.,.,.,A.PE.P.V,4,.,.,.
8.28.2017,H096D100,PEAI,3,.,.,.,75,.,.,.,A.PE.P.V,4,.,.,.
8.28.2017,H096D100,PEAI,7,.,.,.,48,.,.,.,A.PE.P.V,4,.,.,.
8.28.2017,H096D100,PEAI,8,1,.,.,41,35,12,.,A.PE.P.V,4,23.5,0.5731707317,.
8.28.2017,H096D100,PEAI,9,1,.,.,83,20,18,.,A.PE.P.V,4,19,0.2289156627,.
8.28.2017,H096D100,PEAI,10,1,.,.,45,23,4,.,A.PE.P.V,4,13.5,0.3,.
8.28.2017,H096D100,ARCA,1,1,0,0,115,.,.,5,A.PE.P.V,4,.,.,.
8.28.2017,H096D100,ARCA,2,1,0,0,38,.,.,4,A.PE.P.V,4,.,.,.
8.28.2017,H096D100,ARCA,3,1,0,0,58,.,.,5,A.PE.P.V,4,.,.,.
8.28.2017,H096D100,ARCA,4,.,.,.,62,.,.,.,A.PE.P.V,4,.,.,.
8.28.2017,H096D100,ARCA,6,1,0,0,56,.,.,5,A.PE.P.V,4,.,.,.
8.28.2017,H096D100,ARCA,10,1,0,0,62,.,.,5,A.PE.P.V,4,.,.,.
8.28.2017,H096D100,POCA,1,1,0,0,152,.,.,5,A.PE.P.V,4,.,.,.
8.28.2017,H096D100,POCA,2,2,0,0,115,.,.,5,A.PE.P.V,4,.,.,.
8.28.2017,H096D100,POCA,5,1,0,0,113,.,.,5,A.PE.P.V,4,.,.,.
8.28.2017,H096D100,POCA,6,.,.,.,258,.,.,.,A.PE.P.V,4,.,.,.
8.28.2017,H096D100,POCA,10,.,.,.,160,.,.,.,A.PE.P.V,4,.,.,.
8.28.2017,H096D100,VERO,1,3,0,0,32,28,15,5,A.PE.P.V,4,21.5,0.671875,.
8.28.2017,H096D100,VERO,4,10,3,0,115,.,.,6,A.PE.P.V,4,.,.,.
8.28.2017,H096D100,VERO,5,31,3,1,84,175,138,8,A.PE.P.V,4,156.5,1.8630952381,.
8.28.2017,H096D100,VERO,6,5,0,0,72,.,.,5,A.PE.P.V,4,.,.,.
8.28.2017,H096D100,VERO,7,5,1,0,50,42,21,6,A.PE.P.V,4,31.5,0.63,.
8.28.2017,H096D100,VERO,10,4,0,0,93,.,.,5,A.PE.P.V,4,.,.,.
8.3.2016,H096D100,ARCA,1,1,0,0,34,31,10,4,A.PE.P.V,4,20.5,0.6029411765,.
8.3.2016,H096D100,ARCA,2,0,0,0,25,25,10,2,A.PE.P.V,4,17.5,0.7,.
8.3.2016,H096D100,ARCA,3,1,0,0,38,39,18,4,A.PE.P.V,4,28.5,0.75,.
8.3.2016,H096D100,ARCA,4,1,0,0,40,41,19,4,A.PE.P.V,4,30,0.75,.
8.3.2016,H096D100,ARCA,5,1,0,0,38,19,5,4,A.PE.P.V,4,12,0.3157894737,.
8.3.2016,H096D100,ARCA,6,1,0,0,39,23,11,4,A.PE.P.V,4,17,0.4358974359,.
8.3.2016,H096D100,ARCA,7,1,1,0,55,69,13,6,A.PE.P.V,4,41,0.7454545455,.
8.3.2016,H096D100,ARCA,8,1,0,0,50,52,14,4,A.PE.P.V,4,33,0.66,.
8.3.2016,H096D100,ARCA,9,0,0,0,46,18,7,2,A.PE.P.V,4,12.5,0.2717391304,.
8.3.2016,H096D100,ARCA,10,1,0,0,32,21,9,4,A.PE.P.V,4,15,0.46875,.
8.3.2016,H096D100,PEAI,1,0,0,0,29,15,3,2,A.PE.P.V,4,9,0.3103448276,.
8.3.2016,H096D100,PEAI,2,0,0,0,38,25,7,2,A.PE.P.V,4,16,0.4210526316,.
8.3.2016,H096D100,PEAI,3,0,0,0,28,20,6,2,A.PE.P.V,4,13,0.4642857143,.
8.3.2016,H096D100,PEAI,4,0,0,0,31,26,3,2,A.PE.P.V,4,14.5,0.4677419355,.
8.3.2016,H096D100,PEAI,5,0,0,0,115,14,3,2,A.PE.P.V,4,8.5,0.0739130435,.
8.3.2016,H096D100,PEAI,6,0,0,0,24,22,6,2,A.PE.P.V,4,14,0.5833333333,.
8.3.2016,H096D100,PEAI,7,0,0,0,33,29,8,2,A.PE.P.V,4,18.5,0.5606060606,.
8.3.2016,H096D100,PEAI,8,0,0,0,27,22,17,2,A.PE.P.V,4,19.5,0.7222222222,.
8.3.2016,H096D100,PEAI,9,0,0,0,45,40,18,2,A.PE.P.V,4,29,0.6444444444,.
8.3.2016,H096D100,PEAI,10,0,0,0,41,30,13,2,A.PE.P.V,4,21.5,0.5243902439,.
8.3.2016,H096D100,POCA,1,1,0,0,52,27,20,4,A.PE.P.V,4,23.5,0.4519230769,.
8.3.2016,H096D100,POCA,2,1,0,0,49,32,19,4,A.PE.P.V,4,25.5,0.5204081633,.
8.3.2016,H096D100,POCA,3,1,0,0,98,48,42,4,A.PE.P.V,4,45,0.4591836735,.
8.3.2016,H096D100,POCA,4,1,0,0,60,36,22,4,A.PE.P.V,4,29,0.4833333333,.
8.3.2016,H096D100,POCA,5,1,0,0,45,24,9,4,A.PE.P.V,4,16.5,0.3666666667,.
8.3.2016,H096D100,POCA,6,1,0,0,118,32,29,4,A.PE.P.V,4,30.5,0.2584745763,.
8.3.2016,H096D100,POCA,7,1,0,0,71,55,22,4,A.PE.P.V,4,38.5,0.5422535211,.
8.3.2016,H096D100,POCA,8,0,0,0,42,30,21,2,A.PE.P.V,4,25.5,0.6071428571,.
8.3.2016,H096D100,POCA,9,1,0,0,52,18,14,4,A.PE.P.V,4,16,0.3076923077,.
8.3.2016,H096D100,POCA,10,1,0,0,74,29,14,4,A.PE.P.V,4,21.5,0.2905405405,.
8.3.2016,H096D100,VERO,1,1,0,0,9,12,10,4,A.PE.P.V,4,11,1.2222222222,.
8.3.2016,H096D100,VERO,2,6,0,0,34,38,30,4,A.PE.P.V,4,34,1,.
8.3.2016,H096D100,VERO,3,2,0,0,25,19,10,4,A.PE.P.V,4,14.5,0.58,.
8.3.2016,H096D100,VERO,4,4,0,0,47,30,19,4,A.PE.P.V,4,24.5,0.5212765957,.
8.3.2016,H096D100,VERO,5,18,0,0,52,21,8,4,A.PE.P.V,4,14.5,0.2788461538,.
8.3.2016,H096D100,VERO,6,3,0,0,33,15,10,4,A.PE.P.V,4,12.5,0.3787878788,.
8.3.2016,H096D100,VERO,7,7,0,0,39,60,29,4,A.PE.P.V,4,44.5,1.141025641,.
8.3.2016,H096D100,VERO,8,5,0,0,39,26,19,4,A.PE.P.V,4,22.5,0.5769230769,.
8.3.2016,H096D100,VERO,9,4,0,0,42,28,21,4,A.PE.P.V,4,24.5,0.5833333333,.
8.3.2016,H096D100,VERO,10,4,0,0,44,41,18,4,A.PE.P.V,4,29.5,0.6704545455,.
8.16.2016,H097D100,ARCA,1,2,0,0,51,47,43,4,A.PE.P.V,4,45,0.8823529412,.
8.16.2016,H097D100,ARCA,2,2,0,0,46,41,29,4,A.PE.P.V,4,35,0.7608695652,.
8.16.2016,H097D100,ARCA,3,3,0,0,145,95,52,4,A.PE.P.V,4,73.5,0.5068965517,.
8.16.2016,H097D100,ARCA,4,1,0,0,84,46,9,4,A.PE.P.V,4,27.5,0.3273809524,.
8.16.2016,H097D100,ARCA,5,1,0,0,133,64,20,4,A.PE.P.V,4,42,0.3157894737,.
8.16.2016,H097D100,ARCA,6,2,0,0,162,95,45,4,A.PE.P.V,4,70,0.4320987654,.
8.16.2016,H097D100,ARCA,7,1,0,0,45,28,9,4,A.PE.P.V,4,18.5,0.4111111111,.
8.16.2016,H097D100,ARCA,8,1,0,0,43,34,3,4,A.PE.P.V,4,18.5,0.4302325581,.
8.16.2016,H097D100,ARCA,9,1,0,0,68,18,4,4,A.PE.P.V,4,11,0.1617647059,.
8.16.2016,H097D100,ARCA,10,1,0,0,28,13,8,4,A.PE.P.V,4,10.5,0.375,.
8.16.2016,H097D100,PEAI,1,0,0,0,20,11,2,2,A.PE.P.V,4,6.5,0.325,.
8.16.2016,H097D100,PEAI,2,0,0,0,9,9,2,2,A.PE.P.V,4,5.5,0.6111111111,.
8.16.2016,H097D100,PEAI,3,0,0,0,16,13,3,2,A.PE.P.V,4,8,0.5,.
8.16.2016,H097D100,PEAI,4,0,0,0,23,11,9,2,A.PE.P.V,4,10,0.4347826087,.
8.16.2016,H097D100,PEAI,5,0,0,0,26,13,3,2,A.PE.P.V,4,8,0.3076923077,.
8.16.2016,H097D100,PEAI,6,0,0,0,26,18,2,2,A.PE.P.V,4,10,0.3846153846,.
8.16.2016,H097D100,PEAI,7,0,0,0,24,12,3,2,A.PE.P.V,4,7.5,0.3125,.
8.16.2016,H097D100,PEAI,8,0,0,0,11,3,1,2,A.PE.P.V,4,2,0.1818181818,.
8.16.2016,H097D100,PEAI,9,0,0,0,39,14,2,2,A.PE.P.V,4,8,0.2051282051,.
8.16.2016,H097D100,PEAI,10,0,0,0,37,19,2,2,A.PE.P.V,4,10.5,0.2837837838,.
8.16.2016,H097D100,POCA,1,4,0,0,161,36,31,4,A.PE.P.V,4,33.5,0.2080745342,.
8.16.2016,H097D100,POCA,2,3,0,0,26,66,28,4,A.PE.P.V,4,47,1.8076923077,.
8.16.2016,H097D100,POCA,3,0,0,0,56,26,12,2,A.PE.P.V,4,19,0.3392857143,.
8.16.2016,H097D100,POCA,4,3,0,0,261,57,31,4,A.PE.P.V,4,44,0.1685823755,.
8.16.2016,H097D100,POCA,5,0,0,0,60,30,4,2,A.PE.P.V,4,17,0.2833333333,.
8.16.2016,H097D100,POCA,6,1,0,0,145,42,26,4,A.PE.P.V,4,34,0.2344827586,.
8.16.2016,H097D100,POCA,7,2,0,0,158,41,19,4,A.PE.P.V,4,30,0.1898734177,.
8.16.2016,H097D100,POCA,8,1,0,0,31,33,5,4,A.PE.P.V,4,19,0.6129032258,.
8.16.2016,H097D100,POCA,9,1,0,0,110,55,10,4,A.PE.P.V,4,32.5,0.2954545455,.
8.16.2016,H097D100,POCA,10,2,0,0,160,61,43,4,A.PE.P.V,4,52,0.325,.
8.16.2016,H097D100,VERO,1,6,0,0,31,56,33,4,A.PE.P.V,4,44.5,1.435483871,.
8.16.2016,H097D100,VERO,2,14,0,0,37,71,27,4,A.PE.P.V,4,49,1.3243243243,.
8.16.2016,H097D100,VERO,3,7,0,0,27,51,20,4,A.PE.P.V,4,35.5,1.3148148148,.
8.16.2016,H097D100,VERO,4,4,0,0,41,50,16,4,A.PE.P.V,4,33,0.8048780488,.
8.16.2016,H097D100,VERO,5,2,0,0,14,25,8,4,A.PE.P.V,4,16.5,1.1785714286,.
8.16.2016,H097D100,VERO,6,2,0,0,23,35,21,4,A.PE.P.V,4,28,1.2173913043,.
8.16.2016,H097D100,VERO,7,11,0,0,41,61,35,4,A.PE.P.V,4,48,1.1707317073,.
8.16.2016,H097D100,VERO,8,14,1,0,55,112,50,4,A.PE.P.V,4,81,1.4727272727,.
8.16.2016,H097D100,VERO,9,15,1,0,56,107,39,4,A.PE.P.V,4,73,1.3035714286,.
8.16.2016,H097D100,VERO,10,1,0,0,22,18,18,4,A.PE.P.V,4,18,0.8181818182,.
