Site,Block,Plot.ID,CSBP.Label.2013,CSBP.Label.2012,Tree.species,Tree.trtmnt,Tree.ID,GPS.ID,Side,Pair,Pair.unique,Treatment,RL,Block.Xcoord,Block.Ycoord,Dist.to.tree.rel,Dist.to.tree.abs,SM1,SM2,SM3,Mean.SM,canopy.N,canopy.E,canopy.S,canopy.W,meancanopy.NWE,Canopycover.N,Canopycover.E,Canopycover.S,Canopycover.W,Mean.canopycover.all,Mean.canopycover.NWE,Soil.compaction.1,Soil.compaction.2,Soil.compaction.3,Mean.soil.compaction,X,t1.colour,t1.gravel,t1.texture,t1.ammonium,t1.nitrate,t1.phosphorus,t1.potassium,t1.sulfur,t1.organic.c,t1.conductivity,t1.ph.cacl2,t1.ph.h2o,t2.colour,t2.gravel,t2.texture,t2.ammonium,t2.nitrate,t2.phosphorus,t2.potassium,t2.sulfur,t2.organic.c,t2.conductivity,t2.ph.cacl2,t2.ph.h2o,richness.t3,plantdensity.t2,ex.plantdensity.t2,nat.plantdensity.t2,ex.richness.t3,nat.richness.t3,richness.t1,ex.richness.t1,plantdensity.t1,ex.plantdensity.t1,nat.plantdensity.t1,nat.richness.t1,richness.t2,ex.richness.t2,nat.richness.t2,rar5.t2.richness,rar10.t2.richness,rar15.t2.richness,A.calendula,A.calendula.present,A.uliginosum,A.uliginosum.present,B.drummondii,B.drummondii.present,B.iberidifola,B.iberidifola.present,B.tournefortii,B.tournefortii,Bromus.sp,Bromus.sp.present,C.colorata,C.colorata.present,C.eremea,C.eremea.present,C.obionoides,E.botrys,E.longiflora,G.nodulosus,G.tenuissima,H.glabra,H.glabra.present,H.pilifera,L.arvensis,L.arvensis.present,M.crystallinum,M.monstrosus,Millotia.sp,Millotia.sp.present,N.rotundifolia,P.airoides,P.canescens,P.gnaphaloides,P.lessonni,P.lessonni.present,R.laevis,R.laevis.present,R.pygmaea,T.cyanopetala,T.cyanopetala.present,T.isingiana,T.isingiana.present,T.ornata,U.anthemoides,U.anthemoides.present,V.myuros,V.myuros.present,W.acuminata,W.acuminata.present,Euc.litter,Jam.litter,Ammonium.IEMs,Nitrate.IEMs,Nitrate.IEMs.convertedzeros
Kunjin,10,10.N.1.C,K20,K148,E.loxophleba,YG.Control,10,573,North,1,10.North.1,Control,L,0,23,11.5,11.5,5,4,4,4.333333333,17.84,11.6,62.56,25.12,18.18666667,19.75,21.25,9,18,17,19.66666667,11,12,11.5,11.5,K20,BRGR,0,1.5,4,10,4,98,4.9,2.4,0.048,5.8,6.5,GR,0,1.5,2,4,2,100,2.3,1.26,0.027,5.8,6.3,9,45,15,30,6,3,6,3,79,53,26,3,9,5,4,2.8511670469,4.1458927409,5.1522833737,0,0,0,0,0,0,0,0,3,1,9,1,0,0,0,0,0,0,0,0,0,1,1,0,1,1,0,0,0,0,0,0,0,0,2,1,0,0,0,0,0,0,0,0,1,1,0,0,2,1,0.6,0,0,0.6782420408,0.6782420408
Kunjin,10,10.N.1.L,K19,K146,E.loxophleba,YG.Litter,10,573,North,1,10.North.1,Litter,R,1,23,11.5,11.5,3,4,4,3.666666667,29.28,20.96,54.24,24.08,24.77333333,17,19,11,18.25,16.3125,18.08333333,9.5,5,6,6.833333333,K19,GRBR,0,1.5,3,6,5,84,4.7,2.73,0.047,6.3,6.9,BRGR,0,1.5,1,4,3,44,4.1,1.94,0.043,6.4,6.9,6,33,9,24,2,4,8,3,81,48,33,5,9,3,6,3.6409310008,5.5565973978,6.8179588542,0,0,0,0,0,0,0,0,5,1,3,1,0,0,2,1,0,1,0,0,0,0,0,0,0,0,0,0,5,1,0,0,0,1,0,0,0,0,0,0,0,0,0,0,0,0,0,0,2,1,0.5,0,0,3.4342638265,3.4342638265
Kunjin,10,10.N.2.C,K18,K145,E.loxophleba,YG.Control,10,573,North,2,10.North.2,Control,R,1,21,9.5,9.5,4,4,4,4,11.6,23.04,35.52,45.92,26.85333333,21.25,18.5,15.5,13,17.0625,17.58333333,12,9.5,11,10.83333333,K18,GRBR,0,1.5,2,8,7,91,4.1,3.24,0.048,6.4,7,GRBR,0,1.5,7,11,6,69,18.1,3.98,0.093,6,6.6,9,31,17,14,5,4,9,3,89,20,69,6,9,4,5,3.4900859862,5.2707160068,6.5484730753,0,0,0,0,0,0,0,0,0,0,2,1,0,0,7,1,0,1,0,0,0,0,0,0,0,0,0,0,3,1,0,12,0,0,0,0,0,0,0,0,0,1,1,1,0,0,2,1,2,1,0.1,0,0,1.9034051878,1.9034051878
Kunjin,10,10.N.2.L,K17,K144,E.loxophleba,YG.Litter,10,573,North,2,10.North.2,Litter,L,0,21,9.5,9.5,4,4,4,4,20.96,18.88,70.88,58.4,32.74666667,19,19.5,7,10,13.875,16.16666667,11,13,8,10.66666667,K17,BRGR,0,1,11,7,13,85,16.5,3.6,0.115,6.1,6.6,BRGR,0,1.5,4,8,6,79,13.4,2.71,0.072,6,6.5,6,18,7,11,3,3,6,3,46,18,28,3,8,3,5,3.9200513539,6.0882352941,7.4411764706,0,0,0,0,0,0,0,0,1,1,5,1,0,0,2,1,0,0,0,0,0,0,0,2,0,0,0,0,1,1,0,0,2,0,0,0,0,0,0,0,0,0,0,0,1,1,0,0,0,0,0.1,0,0,0.7448314327,0.7448314327
Kunjin,10,10.N.3.C,K16,K143,E.loxophleba,YG.Control,10,573,North,3,10.North.3,Control,L,0,19,7.5,7.5,4,4,4,4,29.28,41.76,80.24,55.28,42.10666667,17,14,4.75,10.75,11.625,13.91666667,9,7.5,11,9.166666667,K16,BRGR,0,1,2,8,7,104,4.8,3.54,0.053,6.5,7.1,GR,0,1.5,3,5,2,117,3.8,1.86,0.049,6.4,7.1,8,22,20,2,5,3,8,3,79,54,25,5,5,3,2,1.9090909091,2.8181818182,3.7272727273,1,1,0,0,0,0,0,0,0,0,18,1,0,0,0,0,0,1,0,0,0,0,0,0,0,0,0,0,1,1,0,0,0,0,0,0,0,0,0,0,0,0,0,0,0,0,0,0,1,1,0.35,0,0,4.2056033592,4.2056033592
Kunjin,10,10.N.3.L,K15,K142,E.loxophleba,YG.Litter,10,573,North,3,10.North.3,Litter,R,1,19,7.5,7.5,4,4,4,4,25.12,43.84,79.2,67.76,45.57333333,18,13.5,5,7.75,11.0625,13.08333333,7,6.5,6.5,6.666666667,K15,BRGR,0,1,5,7,6,107,5.2,2.73,0.056,6.3,6.7,GRBR,0,1,2,3,3,90,3.1,1.9,0.035,5.9,6.5,5,34,22,12,5,0,8,4,61,49,12,4,6,4,2,2.82421583,3.8091233201,4.5264733458,2,1,0,0,0,0,0,0,2,1,16,1,0,0,11,1,0,0,0,0,0,0,0,0,2,1,0,0,1,1,0,0,0,0,0,0,0,0,0,0,0,0,0,0,0,0,0,0,0,0,0.4,0,0,2.389258698,2.389258698
Kunjin,10,10.N.4.C,K14,K141,E.loxophleba,YG.Control,10,573,North,4,10.North.4,Control,R,1,15,3.5,3.5,4,4,3,3.666666667,66.72,79.2,84.4,85.44,77.12,8,5,3.75,3.5,5.0625,5.5,5.5,5.5,8,6.333333333,K14,GRBR,0,1,7,23,14,133,23,4.59,0.244,6.1,6.6,BRGR,0,1.5,34,88,5,141,42.2,2.85,0.311,6.2,6.6,6,15,11,4,4,2,4,2,24,19,5,2,6,3,3,3.289044289,4.8827838828,6,0,0,0,0,0,0,0,0,3,1,0,0,0,0,1,1,0,0,0,0,0,0,0,0,0,0,0,0,2,1,0,0,0,0,0,0,0,0,0,0,0,0,0,1,7,1,1,1,0,0,0.95,0,0,4.837750551,4.837750551
Kunjin,10,10.N.4.L,K13,K140,E.loxophleba,YG.Litter,10,573,North,4,10.North.4,Litter,L,0,15,3.5,3.5,3,4,4,3.666666667,74,82.32,84.4,84.4,80.24,6.25,4.25,3.75,3.75,4.5,4.75,5,7.5,10,7.5,K13,BRGR,0,1.5,5,8,7,102,4.8,3.07,0.045,6,6.6,BRGR,0,1.5,8,29,5,74,12.3,2.55,0.112,6,6.4,5,18,6,12,2,3,4,1,30,3,27,3,6,2,4,3.1176470588,4.5294117647,5.4975490196,0,0,0,0,0,0,0,0,0,0,0,0,0,0,1,1,0,0,0,0,0,0,0,0,3,1,0,0,9,1,0,0,1,0,0,0,0,0,0,0,0,1,1,0,3,1,0,0,0,0,0.07,0,0,4.6709996531,4.6709996531
Kunjin,10,10.N.5.C,K12,K139,E.loxophleba,YG.Control,10,573,North,5,10.North.5,Control,L,0,14,2.5,2.5,4,4,4,4,75.04,82.32,79.2,79.2,78.85333333,6,4.25,5,5,5.0625,5.083333333,9,7.5,10,8.833333333,K12,BRGR,0,1,4,7,7,74,8.7,3.08,0.092,6.3,6.9,BRGR,0,1,11,21,8,72,17.9,2.97,0.166,6.1,6.5,6,71,26,45,4,2,3,0,34,0,34,3,6,5,1,2.1803039484,2.6638582144,3.0116238614,0,0,0,0,0,0,0,0,1,1,0,0,0,0,0,0,0,0,0,0,0,2,1,0,21,1,1,0,45,1,0,0,0,0,0,0,0,0,0,0,0,0,0,0,1,1,0,0,0,0,0.8,0,0,8.4101048898,8.4101048898
Kunjin,10,10.N.5.L,K11,K130,E.loxophleba,YG.Litter,10,573,North,5,10.North.5,Litter,R,1,14,2.5,2.5,4,4,4,4,62.56,88.56,77.12,81.28,77.46666667,9,2.75,5.5,4.5,5.4375,5.416666667,6.5,7,6.5,6.666666667,K11,BRGR,0,1.5,8,31,22,137,29.8,4.56,0.241,6.2,6.7,BRGR,0,1.5,5,12,7,78,17,2.95,0.118,6.1,6.6,3,5,2,3,2,1,3,1,8,6,2,2,3,1,2,3,3,3,0,0,0,0,0,0,0,0,2,1,0,0,0,0,0,0,0,0,0,0,0,0,0,0,0,0,0,0,2,1,0,0,0,0,0,0,0,0,0,0,0,1,1,0,0,0,0,0,0,0,0.85,0,0,10.6338190327,10.6338190327
Kunjin,10,10.S.1.C,K2,K147,E.loxophleba,YG.Control,10,573,South,1,10.South.1,Control,R,1,0,-11.5,11.5,5,5,5,5,23.04,29.28,31.36,8.48,20.26666667,18.5,17,16.5,22,18.5,19.16666667,13,14,13,13.33333333,K2,GR,0,1,2,4,3,85,2.5,2.03,0.023,5.8,6.5,LTBR,0,1.5,2,4,2,81,2.7,1.93,0.032,5.9,6.5,4,17,3,14,3,1,4,3,64,34,30,1,4,1,3,3.1502908856,3.8930995475,4,0,0,0,0,0,0,0,0,0,0,3,1,5,1,0,0,0,0,0,0,0,0,0,0,0,0,0,0,0,0,0,0,0,0,0,0,0,0,0,0,0,0,0,0,0,0,0,0,6,1,0.1,0,0,0,0.0001
Kunjin,10,10.S.1.L,K1,K118,E.loxophleba,YG.Litter,10,573,South,1,10.South.1,Litter,L,0,0,-11.5,11.5,5,5,5,5,25.12,23.04,17.84,6.4,18.18666667,18,18.5,19.75,22.5,19.6875,19.66666667,17,13,15,15,K1,GR,0,1,4,9,4,75,3.8,2.1,0.04,5.7,6.4,LTGR,0,1.5,2,2,3,108,2.1,1.34,0.025,5.7,6.4,6,15,8,7,3,3,5,3,41,20,21,2,4,2,2,2.8971028971,3.641025641,4,0,0,0,0,0,0,0,0,1,1,7,1,3,1,4,1,0,0,0,0,0,0,0,0,0,0,0,0,0,0,0,0,0,0,0,0,0,0,0,0,0,0,0,0,0,0,0,0,0,0,0.1,0,0,0,0.0001
Kunjin,10,10.S.2.C,K4,K169,E.loxophleba,YG.Control,10,573,South,2,10.South.2,Control,L,0,2,-9.5,9.5,5,5,5,5,41.76,37.6,20.96,6.4,28.58666667,14,15,19,22.5,17.625,17.16666667,13.5,12.5,12,12.66666667,K4,LTGR,0,1.5,3,1,2,67,1.9,1.3,0.018,5.5,6.4,LTBR,0,1.5,1,1,2,48,1.9,0.81,0.015,5.9,6.8,7,35,8,27,5,2,4,2,52,21,31,2,7,2,5,3.0817695113,4.4024939433,5.2595756845,0,0,0,0,0,0,0,0,0,0,7,1,17,1,4,1,0,0,0,0,0,0,0,0,0,0,0,0,0,0,0,0,0,0,0,0,0,0,0,0,0,2,1,0,1,1,0,0,1,1,0.03,0,0,0,0.0001
Kunjin,10,10.S.2.L,K3,K158,E.loxophleba,YG.Litter,10,573,South,2,10.South.2,Litter,R,1,2,-9.5,9.5,5,5,5,5,42.8,41.76,16.8,4.32,29.62666667,13.75,14,20,23,17.6875,16.91666667,10,13,12,11.66666667,K3,LTGR,5,1.5,2,2,3,151,1.9,1.71,0.019,5.5,6.1,GR,0,1.5,2,1,3,65,3,1.68,0.024,5.9,6.5,8,35,15,20,5,3,4,3,65,40,25,1,8,3,5,3.0689580818,4.3363844927,5.3275634239,0,0,0,0,0,0,0,0,0,0,12,1,2,1,1,1,0,2,0,0,0,0,0,0,0,0,0,0,0,0,0,0,0,0,2,1,0,0,0,0,0,14,1,0,1,1,0,0,1,1,0.08,0,0,0,0.0001
Kunjin,10,10.S.3.C,K6,K191,E.loxophleba,YG.Control,10,573,South,3,10.South.3,Control,R,1,4,-7.5,7.5,4,4,4,4,62.56,59.44,6.4,8.48,43.49333333,9,9.75,22.5,22,15.8125,13.58333333,5,6,8.5,6.5,K6,BRGR,0,1,4,5,6,121,3.9,3.46,0.04,5.9,6.5,LTBR,0,1.5,2,1,2,70,3.2,1.36,0.033,5.5,6.3,7,21,8,13,6,1,6,5,57,25,32,1,7,4,3,3.5992432061,5.2789694825,6.2703818369,0,0,0,0,0,0,0,0,0,0,0,0,0,0,1,1,0,1,0,0,0,0,0,0,2,1,0,0,0,0,2,0,0,0,0,0,0,0,0,0,0,0,0,0,5,1,0,0,3,1,0,0,0,8.3099352396,8.3099352396
Kunjin,10,10.S.3.L,K5,K180,E.loxophleba,YG.Litter,10,573,South,3,10.South.3,Litter,L,0,4,-7.5,7.5,6,6,5,5.666666667,69.84,44.88,8.48,8.48,41.06666667,7.25,13.25,22,22,16.125,14.16666667,9,12.5,10,10.5,K5,GRBR,0,1.5,4,4,7,148,4,3.88,0.042,6,6.5,BR,0,1.5,3,2,2,67,2.5,1.3,0.027,5.9,6.6,3,10,2,8,2,1,5,3,66,20,46,2,4,1,3,2.7777777778,4,4,0,0,0,0,0,0,0,0,2,1,0,0,0,0,1,1,0,0,0,0,0,0,0,0,0,0,0,0,0,0,0,0,0,0,0,0,0,0,0,0,0,0,0,0,0,0,0,0,1,1,0.3,0,0,1.6427943021,1.6427943021
Kunjin,10,10.S.4.C,K8,K213,E.loxophleba,YG.Control,10,573,South,4,10.South.4,Control,R,1,7,-4.5,4.5,6,5,5,5.333333333,80.24,87.52,12.64,25.12,64.29333333,4.75,3,21,18,11.6875,8.583333333,8.5,5,7,6.833333333,K8,GRBR,41917,1.5,3,4,8,94,4,4.25,0.04,6.3,6.8,LTBR,0,1,3,7,5,60,10.2,2.23,0.079,5.7,6.2,8,26,8,18,7,1,4,2,20,9,11,2,5,3,2,2.8827911219,3.6994771012,4.1498327759,0,0,0,0,0,0,0,0,1,1,0,0,0,0,0,0,0,1,0,0,0,0,0,0,0,0,0,0,6,1,0,0,0,0,0,0,0,0,0,0,0,0,0,0,6,1,0,0,0,0,0.9,0,0,7.9965070647,7.9965070647
Kunjin,10,10.S.4.L,K7,K202,E.loxophleba,YG.Litter,10,573,South,4,10.South.4,Litter,L,0,7,-4.5,4.5,6,5,4,5,84.4,62.56,6.4,28.24,58.4,3.75,9,22.5,17.25,13.125,10,7,5,7,6.333333333,K7,BRGR,0,1,2,4,6,87,11.8,3.07,0.069,5.9,6.3,LTBR,0,1,5,4,5,92,7.2,2.29,0.075,5.5,6.2,4,12,6,6,3,1,4,1,13,4,9,3,7,3,4,4.1363636364,6.4545454545,7,0,0,0,0,0,0,0,0,2,1,0,0,0,0,2,1,0,1,0,0,0,0,0,0,0,0,0,0,1,1,0,0,0,0,0,0,0,0,0,0,0,0,0,0,3,1,0,0,0,0,0.7,0,0,8.0550031875,8.0550031875
Kunjin,10,10.S.5.C,K10,K119,E.loxophleba,YG.Control,10,573,South,5,10.South.5,Control,R,1,8,-3.5,3.5,4,4,4,4,93.76,89.6,16.8,50.08,77.81333333,1.5,2.5,20,12,9,5.333333333,5,5,7.5,5.833333333,K10,BRGR,0,1.5,14,7,5,63,13.1,1.98,0.077,6,6.6,BRGR,5,1,4,4,4,63,7.5,1.64,0.053,6.2,6.8,5,31,8,23,3,2,3,1,39,7,32,2,5,1,4,3.0130656638,4.0360579016,4.5578786724,0,0,0,0,0,0,0,0,0,0,0,0,0,0,0,0,0,0,0,0,0,0,0,0,0,0,0,0,14,1,0,0,0,0,0,0,0,0,0,0,0,0,0,0,8,1,0,0,2,1,0.9,0,0,9.2758658542,9.2758658542
Kunjin,10,10.S.5.L,K9,K224,E.loxophleba,YG.Litter,10,573,South,5,10.South.5,Litter,L,0,8,-3.5,3.5,6,6,6,6,91.68,85.44,20.96,31.36,69.49333333,2,3.5,19,16.5,10.25,7.333333333,5,5,6,5.333333333,K9,BRGR,0,1.5,5,6,10,113,6.6,4.43,0.078,6.4,6.8,LTBR,5,1.5,3,14,6,85,10.9,2.68,0.049,6.1,6.7,4,27,11,16,3,1,5,2,30,17,13,3,5,3,2,2.5584045584,3.3423184494,3.9228539576,0,0,0,0,0,0,0,0,0,0,0,0,0,0,0,0,0,1,8,0,0,0,0,0,0,0,0,0,1,1,0,0,0,0,0,0,0,0,0,0,0,0,0,0,2,1,0,0,0,0,0.9,0,0,10.1965942708,10.1965942708
Kunjin,11,11.N.1.C,K40,K170,E.loxophleba,YG.Control,11,556,North,1,11.North.1,Control,L,0,27.1,13.6,13.6,4,3,4,3.666666667,28.24,8.48,5.36,43.84,26.85333333,17.25,22,22.75,13.5,18.875,17.58333333,7.5,6,11,8.166666667,K40,GRBR,0,1,1,6,4,74,2.5,1.83,0.025,5.6,6.3,GR,0,1.5,2,3,2,88,2.3,1.57,0.026,6,6.8,9,48,29,19,6,3,7,4,112,52,60,3,11,6,5,3.3595448005,4.8440374271,5.8998207389,1,1,0,0,0,0,0,0,1,1,16,1,1,1,2,1,0,0,0,0,0,2,1,0,8,1,0,0,1,1,0,0,1,0,0,0,0,0,0,0,0,14,1,0,1,1,0,0,0,0,0.2,0,0,0.110957432,0.110957432
Kunjin,11,11.N.1.L,K39,K168,E.loxophleba,YG.Litter,11,556,North,1,11.North.1,Litter,R,1,27.1,13.6,13.6,3,4,4,3.666666667,8.48,7.44,9.52,30.32,15.41333333,22,22.25,21.75,16.75,20.6875,20.33333333,10,8,10,9.333333333,K39,GRBR,0,1,3,7,4,107,3.1,1.93,0.037,5.6,6.4,GR,5,1,2,4,3,63,4.4,1.52,0.046,5.3,6.2,5,22,16,6,5,0,9,5,64,52,12,4,10,6,4,4.0628844839,6.5952716015,8.3587578572,2,1,0,0,0,0,1,1,2,1,6,1,0,0,0,0,0,0,0,0,0,1,1,0,1,1,0,0,2,1,0,0,0,0,0,0,0,0,0,0,0,1,1,0,4,1,0,0,0,0,0.15,0,0,0,0.0001
Kunjin,11,11.N.2.C,K38,K167,E.loxophleba,YG.Control,11,556,North,2,11.North.2,Control,R,1,25.6,12.1,12.1,4,3,3,3.333333333,4.32,5.36,17.84,56.32,22,23,22.75,19.75,10.5,19,18.75,10.5,10,4,8.166666667,K38,GRBR,0,1.5,2,7,4,54,3.3,2.36,0.036,5.3,6.1,GR,5,1,1,2,2,54,2,0.96,0.018,5.6,6.4,8,47,16,31,5,3,8,5,63,52,11,3,7,3,4,3.1203163881,4.0980369733,4.6463280904,0,0,0,0,0,0,0,0,1,1,14,1,14,1,3,1,0,0,0,0,0,0,0,0,1,1,0,0,0,0,0,0,0,0,0,0,0,0,0,0,0,13,1,0,0,0,0,0,0,0,0.12,0,0,0.2535675075,0.2535675075
Kunjin,11,11.N.2.L,K37,K166,E.loxophleba,YG.Litter,11,556,North,2,11.North.2,Litter,L,0,25.6,12.1,12.1,4,4,4,4,4.32,4.32,8.48,46.96,18.53333333,23,23,22,12.75,20.1875,19.58333333,7.5,11,9,9.166666667,K37,GRBR,0,1,3,6,4,94,3.2,1.77,0.043,5.8,6.5,GR,0,1,2,4,2,84,3,1.55,0.03,5.4,6.3,9,46,20,26,5,4,9,5,66,52,14,4,9,4,5,3.0551834975,4.3072081734,5.2622245874,1,1,0,0,0,0,0,0,1,1,15,1,0,0,3,1,0,0,0,0,0,3,1,0,0,0,0,0,2,1,0,0,1,0,0,0,0,0,0,0,0,19,1,0,0,0,0,0,1,1,0.1,0,0,0,0.0001
Kunjin,11,11.N.3.C,K36,K165,E.loxophleba,YG.Control,11,556,North,3,11.North.3,Control,L,0,23.5,10.3,10.3,3,3,3,3,15.76,8.48,32.4,42.8,22.34666667,20.25,22,16.25,13.75,18.0625,18.66666667,10,10,13,11,K36,GRBR,0,1.5,7,13,6,83,12.6,2.74,0.137,5.5,6.1,GR,5,1.5,1,2,3,65,3.2,1.25,0.033,5.7,6.4,6,24,15,9,4,2,7,4,61,44,17,3,5,2,3,2.7736918878,3.6435416896,4.2083940087,0,0,0,0,0,0,1,1,3,1,12,1,0,0,1,1,0,0,0,0,0,0,0,0,0,0,0,0,7,1,0,0,0,0,0,0,0,0,0,0,0,0,0,0,0,0,0,0,0,0,0.2,0,0,1.356237352,1.356237352
Kunjin,11,11.N.3.L,K35,K164,E.loxophleba,YG.Litter,11,556,North,3,11.North.3,Litter,R,1,23.5,10.3,10.3,4,3,4,3.666666667,2.24,9.52,37.6,38.64,16.8,23.5,21.75,15,14.75,18.75,20,12,14,13,13,K35,BRGR,5,1,10,16,6,73,7.6,1.89,0.074,5.4,6.2,GR,5,1.5,3,3,3,90,2.8,1.55,0.027,5.5,6.3,5,17,14,3,3,2,8,3,72,51,21,5,5,3,2,2.7760180995,3.9705882353,4.7573529412,3,1,0,0,0,0,0,0,1,1,10,1,0,0,0,0,0,0,0,0,0,0,0,0,0,0,0,0,2,1,0,0,0,0,0,0,0,0,0,0,0,1,1,0,0,0,0,0,0,0,0.2,0,0,8.74922393,8.74922393
Kunjin,11,11.N.4.C,K34,K163,E.loxophleba,YG.Control,11,556,North,4,11.North.4,Control,R,1,18.8,5.6,5.6,3,3,3,3,41.76,29.28,88.56,94.8,55.28,14,17,2.75,1.25,8.75,10.75,7,8,9.5,8.166666667,K34,BRGR,5,1,8,4,9,98,5.9,2.87,0.042,5.7,6.5,GR,5,1.5,4,20,5,73,9,2.35,0.102,5.8,6.3,4,86,14,72,2,2,5,3,46,28,18,2,5,4,1,1.7152054502,2.2358253557,2.6284053973,0,0,0,0,0,0,0,0,3,1,9,1,0,0,0,0,0,0,0,0,0,1,1,0,0,0,0,0,72,1,0,0,0,0,0,0,0,0,0,0,0,0,0,0,1,1,0,0,0,0,0.25,0,0,3.66971366,3.66971366
Kunjin,11,11.N.4.L,K33,K162,E.loxophleba,YG.Litter,11,556,North,4,11.North.4,Litter,L,0,18.8,5.6,5.6,3,3,3,3,64.64,57.36,92.72,87.52,69.84,8.5,10.25,1.75,3,5.875,7.25,6,6.5,5,5.833333333,K33,GRBR,0,1.5,8,27,11,132,10.3,3.55,0.111,5.2,5.9,GRBR,5,1.5,5,25,10,86,10.9,3.54,0.117,5.3,5.9,3,28,1,27,1,2,2,0,17,0,17,2,4,1,3,1.6878306878,2.3095238095,2.8650793651,0,0,0,0,0,0,0,0,1,1,0,0,0,0,2,1,0,0,0,0,0,0,0,0,0,0,0,0,24,1,0,0,0,0,0,0,0,0,0,0,0,0,0,0,0,0,0,0,1,1,0.3,0.05,0,7.63708808,7.63708808
Kunjin,11,11.N.5.C,K32,K161,E.loxophleba,YG.Control,11,556,North,5,11.North.5,Control,L,0,16.7,3.5,3.5,3,4,3,3.333333333,84.4,82.32,87.52,71.92,79.54666667,3.75,4.25,3,6.75,4.4375,4.916666667,9,7,5,7,K32,BRGR,0,1,12,8,11,87,14.6,3.64,0.091,5.4,6.1,BRGR,5,1,2,8,5,96,4.8,3.52,0.05,5.4,6.2,3,33,1,32,2,1,3,1,28,1,27,2,4,1,3,1.8026384535,2.3896627566,2.8343108504,0,0,0,0,0,0,0,0,0,0,0,0,0,0,0,0,0,0,0,0,0,1,1,0,0,0,0,0,27,1,0,0,0,0,0,0,0,0,0,0,0,0,0,0,0,0,0,0,1,1,0.3,0,0,5.73964814,5.73964814
Kunjin,11,11.N.5.L,K31,K160,E.loxophleba,YG.Litter,11,556,North,5,11.North.5,Litter,R,1,16.7,3.5,3.5,4,4,4,4,82.32,77.12,86.48,77.12,78.85333333,4.25,5.5,3.25,5.5,4.625,5.083333333,5.5,7,4,5.5,K31,LTGR,0,1.5,3,5,7,81,6.6,2.99,0.055,5.7,6.4,BRGR,0,1.5,2,6,6,107,5.1,2.6,0.077,5.8,6.3,3,23,5,18,2,1,5,1,38,2,36,4,6,3,3,3.2698742905,4.5287098821,5.2408293461,0,0,0,0,0,0,0,0,1,1,0,0,0,0,6,1,0,0,0,0,0,0,0,0,3,1,0,0,9,1,0,0,0,0,0,0,0,0,0,0,0,0,0,0,1,1,0,0,0,0,0.3,0,0,3.4427954949,3.4427954949
Kunjin,11,11.S.1.C,K22,K150,E.loxophleba,YG.Control,11,556,South,1,11.South.1,Control,L,0,0,-13.2,13.2,4,4,4,4,10.56,0.16,6.4,6.4,5.706666667,21.5,24,22.5,22.5,22.625,22.66666667,12,12,12,12,K22,LTGR,5,1.5,3,3,4,36,3.2,1.34,0.028,5,5.8,GR,0,1,2,3,2,35,2.7,1.22,0.025,4.8,5.6,7,52,38,14,4,3,6,3,58,18,40,3,10,5,5,3.7544117647,5.7551099163,7.0271432494,0,0,0,0,0,0,0,0,3,1,5,1,4,1,1,1,0,0,0,0,0,4,1,0,0,0,0,0,0,0,0,10,0,0,5,1,0,0,0,3,1,0,0,0,0,0,16,1,1,1,0.03,0.15,0,0,0.0001
Kunjin,11,11.S.1.L,K21,K149,E.loxophleba,YG.Litter,11,556,South,1,11.South.1,Litter,R,1,0,-13.2,13.2,4,4,4,4,6.4,0.16,17.84,2.24,2.933333333,22.5,24,19.75,23.5,22.4375,23.33333333,11,12,8,10.33333333,K21,LTGR,5,1.5,2,3,3,77,2.1,1.16,0.019,5.2,6.2,GR,0,1.5,2,2,2,45,3.7,1.54,0.028,4.8,5.8,5,33,28,5,3,2,7,3,103,41,62,4,9,5,4,3.2341237739,4.6970319046,5.8329067321,0,0,0,0,0,0,1,1,1,1,3,1,0,0,0,0,0,0,0,0,0,1,1,1,0,0,0,0,0,0,0,10,0,0,1,1,0,0,0,0,0,0,0,0,0,0,13,1,2,1,0.05,0.16,0,0,0.0001
Kunjin,11,11.S.2.C,K24,K152,E.loxophleba,YG.Control,11,556,South,2,11.South.2,Control,R,1,2,-11.2,11.2,4,4,3,3.666666667,11.6,2.24,1.2,4.32,6.053333333,21.25,23.5,23.75,23,22.875,22.58333333,10,9,7,8.666666667,K24,LTGR,0,1.5,2,3,3,68,2.7,1.48,0.021,4.9,5.9,GR,5,1,2,2,2,36,2.3,1.68,0.02,4.9,5.7,8,34,15,19,5,3,7,4,77,26,51,3,12,5,7,3.9472248577,6.3359574764,8.045229833,1,1,1,1,0,0,0,0,3,1,5,1,10,1,2,1,1,1,0,0,0,0,0,0,0,0,0,0,2,1,0,0,0,0,1,1,0,0,0,0,0,2,1,0,0,0,5,1,0,0,0.05,0.02,0,0,0.0001
Kunjin,11,11.S.2.L,K23,K151,E.loxophleba,YG.Litter,11,556,South,2,11.South.2,Litter,L,0,2,-11.2,11.2,4,4,3,3.666666667,15.76,0.16,0.16,7.44,7.786666667,20.25,24,24,22.25,22.625,22.16666667,12.5,11.5,9,11,K23,GR,5,1.5,2,4,3,75,1.8,1.2,0.019,5,6,GR,5,1,2,4,4,49,3.4,1.6,0.033,4.9,5.8,5,37,13,24,3,2,8,5,53,16,37,3,9,3,6,3.7665021783,5.6103463153,6.6538226909,4,1,6,1,0,0,0,0,0,0,1,1,5,1,1,1,0,0,0,0,0,0,0,0,0,0,0,0,0,0,0,0,0,0,9,1,0,0,0,0,0,0,0,0,0,0,8,1,2,1,0.03,0.03,0,0,0.0001
Kunjin,11,11.S.3.C,K26,K154,E.loxophleba,YG.Control,11,556,South,3,11.South.3,Control,L,0,3.2,-10,10,3,3,3,3,20.96,8.48,0.16,5.36,11.6,19,22,24,22.75,21.9375,21.25,10,4,6,6.666666667,K26,LTGR,0,1,2,2,4,69,2.4,1.8,0.021,5.1,6,GR,5,1.5,1,2,2,53,2,1.12,0.014,5,5.9,6,34,7,27,3,3,7,3,61,19,42,4,7,2,5,3.171730349,4.7274262946,5.7564741806,0,0,0,0,0,0,0,0,0,0,4,1,17,1,0,0,0,3,0,0,0,0,0,0,0,0,0,0,2,1,0,0,0,0,2,1,0,0,0,0,0,2,1,0,0,0,0,0,4,1,0.1,0.02,0,0.0459498449,0.0459498449
Kunjin,11,11.S.3.L,K25,K153,E.loxophleba,YG.Litter,11,556,South,3,11.South.3,Litter,R,1,3.2,-10,10,3,3,3,3,25.12,0.16,0.16,3.28,9.52,18,24,24,23.25,22.3125,21.75,5,6,5,5.333333333,K25,LTGR,5,1.5,2,2,3,76,2,1.64,0.019,5.2,6.2,GR,5,1.5,2,2,2,48,2.5,2.11,0.022,4.9,5.9,7,28,20,8,4,3,8,4,91,33,58,4,8,4,4,3.7641229141,5.622917662,6.6638716356,0,0,0,0,0,0,0,0,5,1,0,0,0,0,0,0,0,2,0,0,0,0,0,0,0,0,0,0,1,1,0,8,0,0,3,1,0,0,0,0,0,0,0,0,0,0,5,1,3,1,0.05,0.05,0,0,0.0001
Kunjin,11,11.S.4.C,K28,K156,E.loxophleba,YG.Control,11,556,South,4,11.South.4,Control,R,1,7.9,-5.3,5.3,3,3,4,3.333333333,80.24,23.04,25.12,32.4,45.22666667,4.75,18.5,18,16.25,14.375,13.16666667,6.5,6.5,4,5.666666667,K28,GR,0,1,4,5,6,60,7.4,3.67,0.044,4.4,5.1,LTBR,5,1,9,19,6,48,28,2.58,0.157,4.7,5.3,2,3,2,1,2,0,3,2,49,3,46,1,2,1,1,2,2,2,0,0,0,0,0,0,0,0,2,1,0,0,0,0,0,0,0,0,0,0,0,0,0,0,0,0,0,0,0,0,0,0,0,0,0,0,0,0,0,0,0,0,0,0,0,0,0,0,0,0,0.1,0,0,5.8051826082,5.8051826082
Kunjin,11,11.S.4.L,K27,K155,E.loxophleba,YG.Litter,11,556,South,4,11.South.4,Litter,L,0,7.9,-5.3,5.3,5,4,4,4.333333333,76.08,22,4.32,25.12,41.06666667,5.75,18.75,23,18,16.375,14.16666667,6.5,7.5,4,6,K27,GR,5,1.5,8,6,7,122,10,3.83,0.14,4.9,5.7,GR,5,1.5,3,1,3,57,3.3,1.78,0.026,4.7,5.7,3,23,0,23,1,2,4,1,44,1,43,3,3,0,3,2.1400041606,2.6534518113,2.8876638236,0,0,0,0,0,0,0,0,0,0,0,0,0,0,5,1,0,0,0,0,0,0,0,0,0,0,0,0,16,1,0,0,0,0,0,0,0,0,0,0,0,0,0,0,0,0,0,0,0,0,0.1,0,0,7.7560713184,7.7560713184
Kunjin,11,11.S.5.C,K30,K159,E.loxophleba,YG.Control,11,556,South,5,11.South.5,Control,L,0,9.9,-3.3,3.3,4,4,4,4,79.2,29.28,16.8,42.8,50.42666667,5,17,20,13.75,13.9375,11.91666667,3.5,4.5,5.5,4.5,K30,LTGR,0,1,2,2,4,64,3.5,2.46,0.028,5,5.9,BRGR,5,1.5,2,3,6,69,9.6,3.3,0.054,5.3,6,1,1,0,1,0,1,3,0,34,0,34,3,1,0,1,1,1,1,0,0,0,0,0,0,0,0,0,0,0,0,0,0,0,0,0,0,0,0,0,0,0,0,0,0,0,0,0,0,0,0,0,0,0,0,0,0,0,0,0,0,0,0,0,0,0,0,0,0,0.5,0,0,13.3583360245,13.3583360245
Kunjin,11,11.S.5.L,K29,K157,E.loxophleba,YG.Litter,11,556,South,5,11.South.5,Litter,R,1,9.9,-3.3,3.3,4,4,5,4.333333333,75.04,66.72,16.8,67.76,69.84,6,8,20,7.75,10.4375,7.25,5,5,4.5,4.833333333,K29,GR,0,1,10,13,13,80,9.5,4.21,0.083,5.1,5.8,BRGR,5,1.5,10,9,13,59,20.5,4.28,0.164,5.5,6.1,2,5,1,4,1,1,1,0,35,0,35,1,4,1,3,4,4,4,0,0,0,0,0,0,0,0,1,1,0,0,0,0,1,1,0,0,0,0,0,0,0,0,0,0,0,0,2,1,0,0,0,0,0,0,0,0,0,0,0,0,0,0,0,0,0,0,0,0,0.4,0,0,5.9818469898,5.9818469898
Kunjin,13,13.N.1.C,K59,K190,A.acuminata,Jam.Control,13,562,North,1,13.North.1,Control,R,1,14.9,6.9,6.9,4,5,5,4.666666667,0.16,0.16,2.24,0.16,0.16,24,24,23.5,24,23.875,24,13,13.5,15,13.83333333,K59,LTGR,41917,1.5,2,5,2,61,2.6,0.96,0.024,4.8,5.7,LTGR,5,1.5,1,2,2,29,2.3,0.5,0.015,4.9,5.9,7,35,17,18,3,4,8,4,75,18,57,4,9,4,5,3.4747560314,5.0884136693,6.170490781,1,1,0,0,0,0,2,1,0,0,3,1,0,0,0,0,0,0,0,0,9,0,0,0,0,0,0,0,0,0,0,0,0,0,0,0,0,0,1,0,0,0,0,0,1,1,0,0,5,1,0,0.02,0,0.0596812,0.0596812
Kunjin,13,13.N.1.L,K58,K189,A.acuminata,Jam.Litter,13,562,North,1,13.North.1,Litter,L,0,14.9,6.9,6.9,5,5,5,5,0.16,0.16,2.24,0.16,0.16,24,24,23.5,24,23.875,24,13,11,13,12.33333333,K58,LTGR,5,1.5,2,8,2,66,5,1.25,0.045,4.9,5.9,LTGR,5,1.5,2,3,2,53,3.1,0.63,0.026,4.6,5.5,NA,NA,NA,NA,NA,NA,7,3,62,4,58,4,NA,NA,NA,3.8392302432,5.8016474297,6.9089049623,4,1,6,1,0,0,1,1,0,0,0,0,0,0,0,0,0,0,0,0,3,0,0,0,0,0,0,0,0,0,0,10,0,0,0,0,2,1,3,0,0,0,0,0,0,0,0,0,9,1,0,0.05,0,6.96526724,6.96526724
Kunjin,13,13.N.2.C,K57,K188,A.acuminata,Jam.Control,13,562,North,2,13.North.2,Control,L,0,13.4,5.4,5.4,4,5,5,4.666666667,0.16,0.16,14.72,0.16,0.16,24,24,20.5,24,23.125,24,13,11,14.5,12.83333333,K57,GRYW,0,1.5,5,8,3,54,3.3,1.28,0.033,4.8,5.6,LTBR,5,1.5,16,14,3,56,11.1,2.46,0.089,4.5,5.1,8,69,27,42,3,5,8,3,100,23,77,5,8,3,5,3.6427946473,5.2307671548,5.9871115975,1,1,0,0,8,1,7,1,0,0,0,0,9,1,0,0,0,0,0,0,0,0,0,0,0,0,0,0,0,0,0,13,0,0,0,0,0,0,0,0,0,0,0,0,0,0,13,1,17,1,0,0.02,0,0,0.0001
Kunjin,13,13.N.2.L,K56,K187,A.acuminata,Jam.Litter,13,562,North,2,13.North.2,Litter,R,1,13.4,5.4,5.4,5,5,5,5,0.16,0.16,14.72,0.16,0.16,24,24,20.5,24,23.125,24,10,12,11.5,11.16666667,K56,LTGR,0,1.5,1,3,2,65,2.4,0.94,0.022,5.1,6.1,LTGR,5,1.5,2,2,2,46,2.9,0.76,0.019,4.6,5.6,5,51,5,46,2,3,8,4,125,48,77,4,8,2,6,3.327026981,4.8428615015,5.8125642522,4,1,2,1,11,1,3,1,0,0,0,0,21,1,0,0,0,0,0,0,0,0,0,0,0,0,0,0,0,0,0,0,0,0,0,0,4,1,0,0,0,0,0,0,0,0,1,1,5,1,0,0.07,0,0.42409271,0.42409271
Kunjin,13,13.N.3.C,K55,K186,A.acuminata,Jam.Control,13,562,North,3,13.North.3,Control,R,1,11.9,3.9,3.9,5,4,4,4.333333333,0.16,2.24,33.44,0.16,0.853333333,24,23.5,16,24,21.875,23.83333333,11,13,10.5,11.5,K55,BRGR,5,1.5,10,7,4,77,5,2.53,0.029,4.7,5.5,LTGR,5,1.5,3,2,2,59,3.3,0.97,0.024,4.8,5.7,6,37,13,24,4,2,9,5,57,25,32,4,5,2,3,3.1095717566,4.1465442686,4.6287560012,0,0,0,0,0,0,5,1,0,0,10,1,15,1,0,0,0,0,0,0,0,3,1,0,0,0,0,0,0,0,0,0,0,0,0,0,0,0,0,0,0,0,0,0,0,0,0,0,4,1,0,0.2,0,0,0.0001
Kunjin,13,13.N.3.L,K54,K185,A.acuminata,Jam.Litter,13,562,North,3,13.North.3,Litter,L,0,11.9,3.9,3.9,5,5,5,5,0.16,0.16,32.4,0.16,0.16,24,24,16.25,24,22.0625,24,9,9.5,13,10.5,K54,BRGR,5,1.5,10,7,4,96,6.6,1.65,0.062,5.5,6.3,LTGR,5,1.5,4,4,2,63,5.2,0.94,0.038,4.4,5.3,6,53,16,37,3,3,7,4,71,46,25,3,8,3,5,2.8695267948,4.1937792342,5.133527051,7,1,1,1,0,0,2,1,0,0,6,1,30,1,0,0,0,0,0,0,0,0,0,0,0,0,0,0,0,0,0,0,0,0,0,0,1,1,0,0,0,0,0,0,0,0,0,0,3,1,0,0.3,0,1.081543252,1.081543252
Kunjin,13,13.N.4.C,K53,K184,A.acuminata,Jam.Control,13,562,North,4,13.North.4,Control,L,0,10.4,2.4,2.4,5,4,3,4,4.32,6.4,70.88,4.32,5.013333333,23,22.5,7,23,18.875,22.83333333,13,14,13.5,13.5,K53,LTGR,41917,1,3,4,2,76,2.8,1.05,0.024,4.5,5.5,LTGR,5,1,6,5,3,94,3.8,1.14,0.039,4.3,5.3,5,94,29,65,2,3,7,3,48,22,26,4,7,3,4,3.1263781991,4.1773611474,4.7110181068,0,0,0,0,0,0,0,0,0,0,20,1,36,1,1,1,0,0,0,0,0,1,1,0,0,0,0,0,0,0,0,0,0,0,0,0,22,1,0,0,0,0,0,0,0,0,8,1,6,1,0,0.8,0,0,0
Kunjin,13,13.N.4.L,K52,K183,A.acuminata,Jam.Litter,13,562,North,4,13.North.4,Litter,R,1,10.4,2.4,2.4,5,5,5,5,6.4,17.84,77.12,4.32,9.52,22.5,19.75,5.5,23,17.6875,21.75,11,9,5,8.333333333,K52,BRGR,5,1.5,8,6,3,58,3.6,2.13,0.03,4.6,5.6,LTGR,5,1.5,4,4,2,44,3.1,0.86,0.024,4.3,5.3,5,54,9,45,3,2,7,3,72,36,36,4,6,3,3,2.1688418377,3.0637727209,3.7449685535,0,0,0,0,0,0,1,1,0,0,3,1,40,1,0,0,0,0,0,0,0,5,1,0,0,0,0,0,0,0,0,0,0,0,0,0,0,0,0,0,0,0,0,0,0,0,1,1,4,1,0,0.8,0,0.217172484,0.217172484
Kunjin,13,13.N.5.C,NA,NA,A.acuminata,Jam.Control,13,562,North,5,13.North.5,Control,R,1,8,0.9,0.9,NA,NA,NA,NA,NA,NA,NA,NA,NA,NA,NA,NA,NA,NA,NA,NA,NA,NA,NA,NA,NA,NA,NA,NA,NA,NA,NA,NA,NA,NA,NA,NA,NA,NA,NA,NA,NA,NA,NA,NA,NA,NA,NA,NA,NA,NA,NA,NA,NA,NA,5,3,22,12,10,2,NA,NA,NA,0,0,0,0,0,0,0,0,0,0,0,0,0,0,0,0,0,0,0,0,0,0,0,0,0,0,0,0,0,0,0,0,0,0,0,0,0,0,0,0,0,0,0,0,0,0,0,0,0,0,0,0,0,0,0.5,NA,NA,NA
Kunjin,13,13.N.5.L,K51,K182,A.acuminata,Jam.Litter,13,562,North,5,13.North.5,Litter,L,0,8,0.9,0.9,6,5,4,5,66.72,82.32,94.8,65.68,71.57333333,8,4.25,1.25,8.25,5.4375,6.833333333,12.5,10.5,13,12,K51,GRYW,41917,1.5,19,4,2,109,7.9,1.38,0.069,4.1,4.9,BRGR,5,1.5,8,4,3,85,4.1,1.69,0.049,4.2,5.1,4,19,13,6,2,2,8,4,47,31,16,4,5,4,1,3.3464052288,4.3931888545,4.7850877193,3,1,0,0,0,0,0,0,0,0,4,1,6,1,0,0,0,0,0,0,0,5,1,0,0,0,0,1,0,0,0,0,0,0,0,0,0,0,0,0,0,0,0,0,0,0,0,0,0,0,0,0.35,0,0,0.0001
Kunjin,13,13.S.1.C,K42,K172,A.acuminata,Jam.Control,13,562,South,1,13.South.1,Control,L,0,0,-7.1,7.1,4,3,4,3.666666667,6.4,0.16,0.16,0.16,2.24,22.5,24,24,24,23.625,23.5,14,15,17,15.33333333,K42,LTGR,0,1.5,2,1,3,50,2.6,0.54,0.011,4.6,5.6,LTGR,5,1,5,5,2,56,3.7,1.46,0.037,4.7,5.4,4,79,2,77,1,3,6,2,67,27,40,4,7,1,6,2.5940241859,3.7202586163,4.5108149489,0,0,9,1,0,0,5,1,0,0,2,1,50,1,0,0,0,0,0,0,0,0,0,0,0,0,0,0,0,0,0,0,0,0,0,0,7,1,0,0,0,0,0,0,0,0,0,0,5,1,0,0.03,0,0,0.0001
Kunjin,13,13.S.1.L,K41,K171,A.acuminata,Jam.Litter,13,562,South,1,13.South.1,Litter,R,1,0,-7.1,7.1,5,5,5,5,6.4,0.16,0.16,0.16,2.24,22.5,24,24,24,23.625,23.5,11,7,9,9,K41,GRBR,0,1,9,9,5,63,3.9,1.52,0.04,4.8,5.6,LTGR,5,1,2,2,2,51,2.6,0.67,0.022,4.6,5.6,NA,NA,NA,NA,NA,NA,8,3,137,40,97,5,NA,NA,NA,3.1420714951,4.7254215536,5.8668091105,0,0,3,1,0,0,7,1,0,0,5,1,50,1,0,0,0,0,0,0,0,1,1,0,0,0,0,0,0,0,0,0,0,0,0,0,11,1,3,0,0,0,0,0,0,0,11,1,5,1,0,0.3,0,0,0.0001
Kunjin,13,13.S.2.C,K44,K174,A.acuminata,Jam.Control,13,562,South,2,13.South.2,Control,R,1,1.5,-5.6,5.6,4,4,4,4,18.88,0.16,0.16,0.16,6.4,19.5,24,24,24,22.875,22.5,13,16,15.5,14.83333333,K44,LTGR,41917,1,1,1,2,51,2.3,0.51,0.011,4.8,5.8,LTGR,0,1,3,2,2,38,2.7,0.8,0.017,4.1,4.9,4,59,12,47,2,2,8,4,77,36,41,4,6,3,3,3.0881388291,4.1488551942,4.7227343079,0,0,0,0,0,0,0,0,0,0,5,1,22,1,0,0,0,0,0,0,0,0,0,0,0,0,0,1,0,0,0,6,0,0,0,0,0,0,19,0,0,0,0,0,0,0,0,0,6,1,0,0.05,0,0.5923234776,0.5923234776
Kunjin,13,13.S.2.L,K43,K173,A.acuminata,Jam.Litter,13,562,South,2,13.South.2,Litter,L,0,1.5,-5.6,5.6,5,4,4,4.333333333,18.88,0.16,0.16,0.16,6.4,19.5,24,24,24,22.875,22.5,10,13.5,10,11.16666667,K43,LTGR,30-35,1.5,2,2,2,64,2.4,0.61,0.016,4.6,5.5,LTGR,42278,1,3,2,2,35,2.9,0.78,0.017,4.6,5.6,4,63,0,63,1,3,7,3,77,18,59,4,6,0,6,2.4279795819,3.2538902187,3.8044407107,0,0,4,1,0,0,1,1,0,0,0,0,40,1,0,0,0,0,0,0,0,0,0,0,0,0,0,0,0,0,0,0,0,0,0,0,4,1,0,0,0,0,0,0,0,0,0,0,13,1,0,0.1,0,0,0.0001
Kunjin,13,13.S.3.C,K46,K176,A.acuminata,Jam.Control,13,562,South,3,13.South.3,Control,L,0,3,-4.1,4.1,5,5,5,5,39.68,12.64,0.16,2.24,18.18666667,14.5,21,24,23.5,20.75,19.66666667,14,15,16,15,K46,LTGR,41917,1.5,2,1,2,50,2,0.46,0.011,4.7,5.7,LTGR,0,1,3,2,2,34,2.7,0.81,0.02,4.4,5.1,5,71,27,44,2,3,6,2,92,51,41,4,7,2,5,3.3673503402,4.6465392886,5.2940916543,0,0,0,0,0,0,1,1,0,0,7,1,20,1,0,0,0,0,0,0,0,0,0,0,0,0,0,0,0,0,0,20,0,0,0,0,6,1,3,0,0,0,0,0,0,0,0,0,14,1,0,0.04,0,0,0.0001
Kunjin,13,13.S.3.L,K45,K175,A.acuminata,Jam.Litter,13,562,South,3,13.South.3,Litter,R,1,3,-4.1,4.1,5,5,6,5.333333333,41.76,8.48,0.16,4.32,18.18666667,14,22,24,23,20.75,19.66666667,13,12,11,12,K45,LTGR,5,1.5,4,3,2,72,3,1.08,0.025,4.7,5.7,LTGR,42278,1,2,2,2,49,3,0.92,0.023,4.6,5.6,5,31,13,18,2,3,6,3,101,54,47,3,7,2,5,3.6683263591,5.3616673053,6.2386860333,0,0,2,1,0,0,4,1,0,0,4,1,2,1,0,0,0,0,0,0,0,0,0,0,0,0,0,0,0,0,0,0,0,0,0,0,3,1,0,0,0,0,0,0,0,0,9,1,7,1,0,0.2,0,1.56134228,1.56134228
Kunjin,13,13.S.4.C,K48,K178,A.acuminata,Jam.Control,13,562,South,4,13.South.4,Control,R,1,4.5,-2.6,2.6,4,5,5,4.666666667,77.12,63.6,14.72,42.8,61.17333333,5.5,8.75,20.5,13.75,12.125,9.333333333,12,15,15,14,K48,LTGR,5,1.5,1,1,2,84,2.1,0.57,0.01,4.9,5.9,LTGR,5,1,14,3,2,82,5.8,1.03,0.047,4,4.9,3,15,6,9,2,1,6,3,29,7,22,3,6,3,3,3.6666666667,5.2087912088,6,1,1,0,0,0,0,0,0,0,0,4,1,4,1,0,0,0,0,0,0,0,0,0,0,0,0,0,0,0,0,0,0,0,0,0,0,3,1,0,0,0,0,0,0,0,0,1,1,2,1,0,0.03,0,1.315948884,1.315948884
Kunjin,13,13.S.4.L,K47,K177,A.acuminata,Jam.Litter,13,562,South,4,13.South.4,Litter,L,0,4.5,-2.6,2.6,5,5,6,5.333333333,87.52,82.32,17.84,33.44,67.76,3,4.25,19.75,16,10.75,7.75,8,12,12,10.66666667,K47,BRGR,5,1,7,4,2,55,4.4,2.27,0.035,4.4,5.3,LTGR,41917,1,3,2,2,78,3.2,0.78,0.029,4.4,5.6,4,23,10,13,2,2,6,4,81,64,17,2,6,3,3,3.0426758596,4.1393573448,4.9248991463,0,0,0,0,0,0,0,0,0,0,8,1,9,1,0,0,0,0,0,0,0,1,1,0,1,1,0,0,0,0,0,0,0,0,0,0,3,1,0,0,0,0,0,0,0,0,0,0,1,1,0,0.4,0,2.34876863,2.34876863
Kunjin,13,13.S.5.C,K50,K181,A.acuminata,Jam.Control,13,562,South,5,13.South.5,Control,L,0,6.2,-0.9,0.9,7,6,6,6.333333333,60.48,84.4,91.68,37.6,60.82666667,9.5,3.75,2,15,7.5625,9.416666667,11,11,11,11,K50,LTGR,5,1.5,2,1,3,70,3.2,1.1,0.019,4,5,BRGR,5,1.5,5,2,3,80,3.8,1.49,0.05,4.3,5.3,4,23,5,18,3,1,6,3,34,12,22,3,7,3,4,3.1460667479,4.7831637336,5.9407114625,1,1,0,0,0,0,0,0,0,0,2,1,12,1,0,0,0,0,0,0,0,2,1,0,0,0,0,0,0,0,0,0,0,0,0,0,1,1,0,0,0,0,0,0,0,0,0,0,3,1,0,0.5,0,1.301298532,1.301298532
Kunjin,13,13.S.5.L,K49,K179,A.acuminata,Jam.Litter,13,562,South,5,13.South.5,Litter,R,1,6.2,-0.9,0.9,6,7,7,6.666666667,91.68,90.64,82.32,91.68,91.33333333,2,2.25,4.25,2,2.625,2.083333333,12,11,11,11.33333333,K49,LTGR,5,1.5,6,6,4,90,3.4,0.91,0.039,4.1,5.1,BRGR,0,1,5,2,2,72,3.8,1.2,0.049,4,4.9,5,39,6,33,3,2,6,3,62,31,31,3,7,3,4,2.7354317881,4.0721767696,5.0675493307,1,1,0,0,0,0,0,0,0,0,0,0,24,1,0,0,0,0,2,0,0,0,0,0,0,0,0,0,0,0,0,0,0,0,0,0,4,1,0,0,0,0,0,0,0,0,3,1,3,1,0,0.6,0,0.220835072,0.220835072
Kunjin,14,14.N.1.C,K78,K211,E.loxophleba,YG.Control,14,574,North,1,14.North.1,Control,R,1,26,13,13,3,3,3,3,23.04,17.84,15.76,8.48,16.45333333,18.5,19.75,20.25,22,20.125,20.08333333,7,7.5,7,7.166666667,K78,GR,5,1.5,5,4,3,50,3.6,2.96,0.026,5.1,5.9,GRBR,5,1.5,7,5,4,54,6,2.39,0.043,5.1,5.8,7,55,5,50,4,3,4,2,49,9,40,2,8,3,5,3.0843944151,4.3699552457,5.1945991775,0,0,0,0,0,0,0,0,2,1,2,1,7,1,5,1,0,0,0,0,0,0,0,0,0,0,0,0,11,1,0,0,1,0,0,0,0,0,0,0,0,26,1,0,1,1,0,0,0,0,0.08,0,0,0.03824966,0.03824966
Kunjin,14,14.N.1.L,K77,K210,E.loxophleba,YG.Litter,14,574,North,1,14.North.1,Litter,L,0,26,13,13,3,3,3,3,8.48,18.88,12.64,11.6,12.98666667,22,19.5,21,21.25,20.9375,20.91666667,8.5,13,10,10.5,K77,GR,5,1.5,3,1,3,55,2.4,2.86,0.018,5.4,6.3,GRBR,0,1,14,13,4,77,4,1.7,0.05,5.2,6.2,4,13,7,6,3,1,5,3,76,28,48,2,6,4,2,3.5555555556,5.2657342657,6,1,1,0,0,0,0,0,0,1,1,0,0,0,0,0,0,0,0,0,0,0,2,1,0,0,0,0,0,5,1,0,0,0,0,0,0,0,0,0,0,0,1,1,0,3,1,0,0,0,0,0.1,0,0,0.6192839,0.6192839
Kunjin,14,14.N.2.C,K76,K209,E.loxophleba,YG.Control,14,574,North,2,14.North.2,Control,L,0,24,11,11,3,3,3,3,1.2,16.8,20.96,4.32,7.44,23.75,20,19,23,21.4375,22.25,8.5,10.5,11,10,K76,GR,5,1.5,2,2,4,47,2.6,2.91,0.017,5.2,6.1,GR,5,1.5,23,3,10,81,12.9,3.26,0.09,5.4,6,5,57,2,55,1,4,5,3,38,5,33,2,6,1,5,2.283806763,3.1789538508,3.8294215595,0,0,2,1,0,0,0,0,0,0,0,0,8,1,0,0,0,0,0,0,0,2,1,0,0,0,0,0,1,1,0,0,0,0,0,0,0,0,0,0,0,40,1,0,0,0,0,0,4,1,0.1,0,0,0,0.0001
Kunjin,14,14.N.2.L,K75,K208,E.loxophleba,YG.Litter,14,574,North,2,14.North.2,Litter,R,1,24,11,11,3,3,3,3,6.4,54.24,32.4,11.6,24.08,22.5,11,16.25,21.25,17.75,18.25,11,11,11,11,K75,GR,5,1,2,1,3,73,2.4,2.01,0.015,5.3,6.3,GR,5,1.5,4,2,2,31,7.2,1.94,0.045,5.2,6.1,NA,NA,NA,NA,NA,NA,3,1,28,4,24,2,NA,NA,NA,3.7010663915,5.7206477733,7.1145510836,0,0,1,1,0,0,0,0,0,0,1,1,3,1,3,1,0,0,0,0,0,0,0,0,0,0,0,0,2,1,0,0,0,0,0,0,0,0,0,0,0,7,1,0,0,0,0,0,1,1,0.2,0,0,0.92038938,0.92038938
Kunjin,14,14.N.3.C,K74,K207,E.loxophleba,YG.Control,14,574,North,3,14.North.3,Control,R,1,22,9,9,3,3,3,3,5.36,65.68,67.76,6.4,25.81333333,22.75,8.25,7.75,22.5,15.3125,17.83333333,4.5,5.5,5,5,K74,GR,5,1,3,4,7,51,3.9,3.27,0.03,4.9,5.7,GR,5,1.5,18,45,4,32,22.9,2.86,0.163,4.8,5.3,2,14,0,14,0,2,3,1,26,2,24,2,1,0,1,1,1,1,0,0,0,0,0,0,0,0,0,0,0,0,14,1,0,0,0,0,0,0,0,0,0,0,0,0,0,0,0,0,0,0,0,0,0,0,0,0,0,0,0,0,0,0,0,0,0,0,0,0,0.1,0,0,8.4747629731,8.4747629731
Kunjin,14,14.N.3.L,K73,K206,E.loxophleba,YG.Litter,14,574,North,3,14.North.3,Litter,L,0,22,9,9,3,3,3,3,12.64,54.24,43.84,4.32,23.73333333,21,11,13.5,23,17.125,18.33333333,8.5,11,11,10.16666667,K73,GR,0,1,3,5,6,83,3.8,3.93,0.028,5.5,6.3,GRBR,5,1.5,4,5,4,68,4.8,2.85,0.041,5.1,6.1,6,NA,NA,NA,NA,NA,2,0,45,0,45,2,7,3,4,3.6093906094,5.7252747253,7,1,1,0,0,0,0,0,0,1,1,1,1,2,1,0,0,0,0,0,0,0,0,0,0,0,0,0,0,6,1,0,0,1,0,0,0,0,0,0,0,0,2,1,0,0,0,0,0,0,0,0.05,0,0,4.72737755,4.72737755
Kunjin,14,14.N.4.C,K72,K205,E.loxophleba,YG.Control,14,574,North,4,14.North.4,Control,L,0,17,4,4,4,4,4,4,25.12,75.04,75.04,19.92,40.02666667,18,6,6,19.25,12.3125,14.41666667,7.5,6,6,6.5,K72,GRBR,5,1.5,18,95,10,105,32.9,5.23,0.21,5,5.6,GRBR,0,1.5,3,6,4,64,4.1,3.42,0.039,5,5.9,5,6,2,4,3,2,1,0,1,0,1,1,4,2,2,3.5,4,4,0,0,0,0,0,0,0,0,0,0,0,0,0,0,1,1,0,0,0,0,0,0,0,0,1,1,0,0,0,0,0,0,0,0,0,0,0,0,0,0,0,0,0,0,1,1,0,0,0,0,0.5,0,0,12.09017081,12.09017081
Kunjin,14,14.N.4.L,K71,K204,E.loxophleba,YG.Litter,14,574,North,4,14.North.4,Litter,R,1,17,4,4,6,4,4,4.666666667,25.12,83.36,82.32,22,43.49333333,18,4,4.25,18.75,11.25,13.58333333,8.5,7,7,7.5,K71,BRGR,5,1,5,11,6,132,5.9,4.33,0.051,5.4,6.2,GRBR,5,1.5,4,7,5,59,6.8,3.8,0.068,5,5.9,2,4,0,4,1,1,1,0,1,0,1,1,2,0,2,2,2,2,0,0,0,0,0,0,0,0,0,0,0,0,0,0,1,1,0,0,0,0,0,0,0,0,0,0,0,0,0,0,0,0,0,0,0,0,0,0,0,0,0,0,0,0,0,0,0,0,0,0,0.5,0,0,16.6080399515,16.6080399515
Kunjin,14,14.N.5.C,K70,K203,E.loxophleba,YG.Control,14,574,North,5,14.North.5,Control,R,1,15,2,2,4,3,4,3.666666667,75.04,81.28,84.4,54.24,70.18666667,6,4.5,3.75,11,6.3125,7.166666667,10,11,9.5,10.16666667,K70,GR,41917,1,4,4,7,82,4.9,3.57,0.026,5.1,6.1,GRBR,5,1.5,6,35,7,52,20.9,2.65,0.201,7,7.4,3,24,5,19,2,1,3,1,27,11,16,2,5,2,3,2.8255693582,3.8600075666,4.4500988142,0,0,0,0,0,0,0,0,3,1,0,0,0,0,1,1,0,0,0,0,0,0,0,0,2,1,0,0,13,1,0,0,0,0,0,0,0,0,0,0,0,0,0,0,0,0,0,0,0,0,0.6,0,0,6.30439374,6.30439374
Kunjin,14,14.N.5.L,K69,K201,E.loxophleba,YG.Litter,14,574,North,5,14.North.5,Litter,L,0,15,2,2,5,4,4,4.333333333,58.4,83.36,80.24,44.88,62.21333333,10,4,4.75,13.25,8,9.083333333,7,8.5,8.5,8,K69,DKGR,5,2,14,13,10,113,12.3,3.8,0.095,4.7,5.6,GRBR,5,1,33,49,13,74,32.7,4.45,0.154,5.2,5.8,3,19,11,8,2,1,4,1,30,3,27,3,5,3,2,3.3028895769,4.3738985473,4.7848297214,0,0,0,0,0,0,0,0,0,0,0,0,0,0,0,0,0,0,0,0,0,0,0,0,4,1,0,0,1,1,0,3,0,0,0,0,0,0,0,0,0,0,0,0,4,1,0,0,0,0,0.5,0,0,14.35983581,14.35983581
Kunjin,14,14.S.1.C,NA,NA,E.loxophleba,YG.Control,14,574,South,1,14.South.1,Control,R,1,0,-13,13,NA,NA,NA,NA,NA,NA,NA,NA,NA,NA,NA,NA,NA,NA,NA,NA,NA,NA,NA,NA,NA,NA,NA,NA,NA,NA,NA,NA,NA,NA,NA,NA,NA,NA,NA,NA,NA,NA,NA,NA,NA,NA,NA,NA,NA,NA,NA,NA,NA,NA,4,1,56,20,36,3,NA,NA,NA,0,0,0,0,0,0,0,0,0,0,0,0,0,0,0,0,0,0,0,0,0,0,0,0,0,0,0,0,0,0,0,0,0,0,0,0,0,0,0,0,0,0,0,0,0,0,0,0,0,0,0,0,0,0,0,NA,NA,NA
Kunjin,14,14.S.1.L,K60,K192,E.loxophleba,YG.Litter,14,574,South,1,14.South.1,Litter,L,0,0,-13,13,3,3,3,3,4.32,0.16,3.28,0.16,1.546666667,23,24,23.25,24,23.5625,23.66666667,6,9,10,8.333333333,K60,LTGR,5,1,2,3,2,101,2.2,1.61,0.019,4.7,5.7,GRBR,5,1.5,6,2,4,40,9.2,2.21,0.081,4.6,5.4,6,60,20,40,2,4,3,1,66,30,36,2,8,4,4,2.9473004911,4.1917709576,5.0372148749,0,0,0,0,0,0,31,1,0,0,6,1,0,0,4,1,0,0,0,0,0,1,1,0,0,0,0,0,0,0,0,12,0,0,0,0,0,0,0,2,1,0,0,0,1,1,0,0,3,1,0.04,0,0,0,0.0001
Kunjin,14,14.S.2.C,K62,K194,E.loxophleba,YG.Control,14,574,South,2,14.South.2,Control,R,1,2,-11,11,4,4,4,4,11.6,3.28,0.16,1.2,5.36,21.25,23.25,24,23.75,23.0625,22.75,10.5,9,9,9.5,K62,GR,41917,1.5,2,3,3,61,2.9,2.24,0.021,4.6,5.6,GR,5,1.5,3,4,3,58,3.7,2.28,0.032,4.3,5.3,3,55,1,54,1,2,4,1,51,10,41,3,7,1,6,2.3188428294,3.0222697892,3.5603259869,0,0,0,0,0,0,35,1,0,0,0,0,14,1,1,1,0,1,0,0,0,0,0,0,0,0,0,0,0,0,0,0,0,0,1,1,0,0,0,0,0,0,0,0,0,0,0,0,0,0,0.03,0,0,0.239148012,0.239148012
Kunjin,14,14.S.2.L,K61,K193,E.loxophleba,YG.Litter,14,574,South,2,14.South.2,Litter,L,0,2,-11,11,4,4,4,4,12.64,2.24,2.24,0.16,5.013333333,21,23.5,23.5,24,23,22.83333333,9,9,6,8,K61,BRGR,5,1.5,2,5,3,79,3.7,2.48,0.032,4.9,5.8,GRBR,5,1.5,2,3,2,45,3.1,1.73,0.026,4.5,5.3,6,34,5,29,4,2,4,1,33,10,23,3,7,3,4,2.6080084526,3.8831718272,4.8843367259,0,0,0,0,0,0,22,1,0,0,2,1,0,0,4,1,2,0,0,0,0,2,1,0,0,0,0,0,0,0,0,0,0,0,0,0,0,0,0,0,0,0,0,0,1,1,0,0,0,0,0,0,0,2.28067868,2.28067868
Kunjin,14,14.S.3.C,K64,K196,E.loxophleba,YG.Control,14,574,South,3,14.South.3,Control,R,1,4,-9,9,4,4,4,4,22,9.52,1.2,1.2,10.90666667,18.75,21.75,23.75,23.75,22,21.41666667,11,12,13,12,K64,BRGR,5,1.5,2,4,4,87,2.7,3.16,0.022,4.5,5.5,BRGR,0,1.5,4,3,2,62,4,2.82,0.038,4.2,5.2,8,41,12,29,5,3,5,3,79,56,23,2,10,5,5,3.4600986392,5.2633747355,6.5475773705,0,0,0,0,0,0,17,1,1,1,7,1,5,1,2,1,0,1,0,0,0,2,1,0,0,0,0,0,0,0,0,0,0,0,0,0,0,0,0,0,0,0,0,0,1,1,0,0,2,1,0.2,0,0,0,0.0001
Kunjin,14,14.S.3.L,K63,K195,E.loxophleba,YG.Litter,14,574,South,3,14.South.3,Litter,L,0,4,-9,9,4,4,4,4,12.64,16.8,0.16,0.16,9.866666667,21,20,24,24,22.25,21.66666667,11,11,9,10.33333333,K63,GRBR,5,1,3,5,3,91,3.4,3.39,0.034,4.7,5.5,BRGR,5,1.5,3,2,2,63,3.4,2.51,0.022,4.4,5.3,7,43,21,22,4,3,6,3,87,46,41,3,8,4,4,3.8770888782,5.8684307299,6.9150000999,0,0,0,0,0,0,10,1,0,0,4,1,0,0,5,1,0,5,0,0,0,0,0,0,0,0,0,0,0,0,0,0,0,0,0,0,0,0,0,0,0,0,0,0,4,1,8,1,2,1,0.2,0,0,1.72234109,1.72234109
Kunjin,14,14.S.4.C,K66,K198,E.loxophleba,YG.Control,14,574,South,4,14.South.4,Control,R,1,7.5,-5.5,5.5,3,3,3,3,60.48,46.96,8.48,4.32,37.25333333,9.5,12.75,22,23,16.8125,15.08333333,9,10,9,9.333333333,K66,LTGR,5,1.5,2,3,2,72,2.4,2.72,0.015,4.4,5.4,LTGR,41917,1.5,1,1,2,60,2.4,1.96,0.018,4.6,5.6,9,18,12,6,6,3,4,2,38,15,23,2,9,5,4,4.0612745098,6.4803921569,8.1458333333,0,0,0,0,0,0,0,0,0,0,1,1,1,1,0,0,0,1,0,0,0,2,1,0,0,0,0,0,0,0,0,4,1,0,0,0,0,0,0,0,0,0,0,0,4,1,0,0,3,1,0.01,0,0,0.04136826,0.04136826
Kunjin,14,14.S.4.L,K65,K197,E.loxophleba,YG.Litter,14,574,South,4,14.South.4,Litter,L,0,7.5,-5.5,5.5,4,4,4,4,69.84,46.96,10.56,6.4,41.06666667,7.25,12.75,21.5,22.5,16,14.16666667,10,9,10,9.666666667,K65,GRBR,0,1.5,5,6,4,89,3.5,3.73,0.026,4.6,5.5,BRGR,0,1.5,2,3,2,42,3.8,1.87,0.028,4.5,5.4,8,13,7,6,5,3,5,3,55,23,32,2,8,4,4,4.013986014,6.6118881119,8,0,0,0,0,0,0,0,0,0,0,0,0,0,0,0,0,0,1,0,0,0,1,1,0,0,0,0,0,1,1,0,4,0,0,0,0,1,1,0,0,0,0,0,0,1,1,0,0,3,1,0.3,0,0,0,0.0001
Kunjin,14,14.S.5.C,K68,K200,E.loxophleba,YG.Control,14,574,South,5,14.South.5,Control,R,1,11,-2,2,6,7,7,6.666666667,87.52,82.32,62.56,45.92,71.92,3,4.25,9,13,7.3125,6.75,6,10,8,8,K66,GR,0,1.5,3,2,3,49,2.7,2.88,0.022,5.2,6.2,BRGR,41917,1.5,2,7,3,81,4.9,3.33,0.062,5.4,6.3,7,68,40,28,3,4,6,2,36,3,33,4,7,4,3,2.9501132373,3.890254117,4.4103151095,0,0,0,0,0,0,0,0,0,0,0,0,0,0,0,0,0,1,1,0,0,0,0,0,29,1,0,0,0,0,0,9,0,0,0,0,0,0,0,1,1,0,0,0,0,0,0,0,0,0,0.4,0,0,2.21258873,2.21258873
Kunjin,14,14.S.5.L,K67,K199,E.loxophleba,YG.Litter,14,574,South,5,14.South.5,Litter,L,0,11,-2,2,6,5,5,5.333333333,83.36,84.4,45.92,48,71.92,4,3.75,13,12.5,8.3125,6.75,8,5,4.5,5.833333333,K67,BRGR,0,1.5,3,5,5,62,4,3.62,0.022,5.2,6,BRGR,5,1.5,5,11,5,46,5.8,3.21,0.041,5.1,5.8,3,50,45,5,3,0,2,0,21,0,21,2,4,2,2,1.567854311,2.0591836735,2.4803571429,0,0,0,0,0,0,0,0,1,1,0,0,0,0,3,1,0,0,0,0,0,0,0,0,44,1,0,0,0,0,0,0,0,0,0,0,0,0,0,0,0,0,0,0,0,0,0,0,0,0,0.5,0,0,5.176316636,5.176316636
Kunjin,15,15.N.1.C,K98,K233,E.loxophleba,YG.Control,15,575,North,1,15.North.1,Control,R,1,21,10,10,3,4,3,3.333333333,0.16,2.24,42.8,18.88,7.093333333,24,23.5,13.75,19.5,20.1875,22.33333333,3,10,3,5.333333333,K98,GRBR,0,1.5,4,4,4,44,3.3,2.74,0.027,4.2,5.1,LTGR,5,1,3,2,4,51,3.3,1.62,0.023,4.1,5,5,12,0,12,2,3,4,2,24,6,18,2,6,0,6,3.3409090909,5.3181818182,6,0,0,0,0,0,0,0,0,0,0,0,0,0,0,1,1,0,0,0,0,0,0,0,0,0,0,0,0,0,0,0,0,0,0,0,0,1,1,0,0,0,0,0,0,0,0,0,0,1,1,0.15,0,0.0342682686,5.2146837265,5.2146837265
Kunjin,15,15.N.1.L,K97,K232,E.loxophleba,YG.Litter,15,575,North,1,15.North.1,Litter,L,0,21,10,10,3,4,4,3.666666667,0.16,2.24,41.76,31.36,11.25333333,24,23.5,14,16.5,19.5,21.33333333,3,5,6,4.666666667,K97,GRBR,5,1.5,4,3,2,66,3.4,2.7,0.024,4.2,5.2,LTGR,0,1,8,3,4,86,4.8,1.75,0.041,4.2,5.2,4,4,0,4,0,4,2,1,32,7,25,1,3,0,3,3,3,3,0,0,0,0,0,0,2,1,0,0,0,0,0,0,1,1,0,0,0,0,0,0,0,0,0,0,0,0,0,0,0,0,0,0,0,0,0,0,0,0,0,0,0,0,0,0,0,0,1,1,0.1,0,0,2.0863607347,2.0863607347
Kunjin,15,15.N.2.C,K96,K231,E.loxophleba,YG.Control,15,575,North,2,15.North.2,Control,L,0,19,8,8,3,3,4,3.333333333,2.24,12.64,67.76,53.2,22.69333333,23.5,21,7.75,11.25,15.875,18.58333333,8,11,13,10.66666667,K96,LTGR,5,1.5,2,3,2,59,2.7,1.34,0.023,4.5,5.5,LTGR,5,1,4,3,3,54,6.8,1.89,0.046,4.5,5.3,2,7,0,7,0,2,4,1,13,1,12,3,4,0,4,3.380952381,4,4,0,0,0,0,0,0,1,1,0,0,0,0,0,0,0,0,0,0,0,0,0,0,0,0,0,0,0,0,0,0,0,0,0,0,0,0,0,0,0,0,0,0,0,0,0,0,0,0,3,1,0.02,0,0,0,0.0001
Kunjin,15,15.N.2.L,K95,K230,E.loxophleba,YG.Litter,15,575,North,2,15.North.2,Litter,R,1,19,8,8,4,4,4,4,0.16,4.32,54.24,53.2,19.22666667,24,23,11,11.25,17.3125,19.41666667,7,8,8,7.666666667,K95,BRGR,5,1.5,2,3,3,66,3.8,2.63,0.027,4.1,5,GR,5,1.5,66,20,9,72,14.3,2.54,0.13,4.5,5.5,2,15,1,14,0,2,2,0,9,0,9,2,5,1,4,3.2071262071,4.3076923077,5,0,0,0,0,0,0,0,0,1,1,0,0,0,0,6,1,0,0,0,0,0,0,0,0,0,0,0,0,0,0,0,0,0,0,0,0,0,0,0,0,0,0,0,0,0,0,0,0,1,1,0.02,0,0,0.5068591735,0.5068591735
Kunjin,15,15.N.3.C,K94,K229,E.loxophleba,YG.Control,15,575,North,3,15.North.3,Control,R,1,17,6,6,3,3,4,3.333333333,10.56,17.84,84.4,78.16,35.52,21.5,19.75,3.75,5.25,12.5625,15.5,8.5,7.5,7.5,7.833333333,K94,BRGR,0,1.5,42,27,6,74,23.6,3.15,0.216,4.4,5.1,BRGR,5,1,14,6,5,93,12.6,2.64,0.08,4.3,5.1,2,5,0,5,0,2,3,0,10,0,10,3,3,0,3,3,3,3,0,0,0,0,0,0,0,0,0,0,0,0,0,0,0,0,0,0,0,0,0,0,0,0,0,0,0,0,0,0,0,0,0,0,0,0,0,0,0,0,0,0,0,0,0,0,0,0,1,1,0.04,0,0,4.9941809796,4.9941809796
Kunjin,15,15.N.3.L,K93,K228,E.loxophleba,YG.Litter,15,575,North,3,15.North.3,Litter,L,0,17,6,6,4,4,4,4,8.48,18.88,83.36,81.28,36.21333333,22,19.5,4,4.5,12.5,15.33333333,10,7,6,7.666666667,K93,LTGR,0,1.5,6,2,2,95,3.2,2.08,0.026,4.6,5.6,LTGR,5,1,2,2,2,68,4,1.34,0.027,4.5,5.5,5,11,2,9,2,3,4,1,39,3,36,3,6,2,4,3.7727272727,5.7272727273,6,0,0,0,0,0,0,0,0,0,0,0,0,0,0,0,0,0,0,0,0,0,1,1,0,0,0,0,0,0,0,0,0,0,0,0,0,0,0,0,0,0,0,0,0,1,1,0,0,2,1,0.03,0,0,2.2023919633,2.2023919633
Kunjin,15,15.N.4.C,K92,K227,E.loxophleba,YG.Control,15,575,North,4,15.North.4,Control,L,0,15,4,4,4,4,4,4,25.12,44.88,81.28,85.44,51.81333333,18,13.25,4.5,3.5,9.8125,11.58333333,10,11,9,10,K92,LTGR,0,1,2,2,3,72,3.3,2.1,0.024,4.3,5.3,BRGR,5,1.5,4,3,4,116,7.4,2.77,0.068,4.5,5.3,2,9,0,9,0,2,3,1,13,1,12,2,4,0,4,3.2936507937,4,4,0,0,0,0,0,0,0,0,0,0,0,0,0,0,0,0,0,0,0,0,0,0,0,0,0,0,0,0,0,0,0,0,1,0,0,0,0,0,0,0,0,0,0,0,0,0,0,0,0,0,0.03,0,0.0902548563,6.4031561592,6.4031561592
Kunjin,15,15.N.4.L,K91,K226,E.loxophleba,YG.Litter,15,575,North,4,15.North.4,Litter,R,1,15,4,4,4,4,4,4,18.88,37.6,80.24,83.36,46.61333333,19.5,15,4.75,4,10.8125,12.83333333,7.5,8,5.5,7,K91,LTGR,5,1.5,2,2,3,82,2.9,2.08,0.025,4.5,5.5,GRBR,5,1.5,11,5,5,76,10.3,2.39,0.071,4.8,5.8,1,3,0,3,0,1,1,0,3,0,3,1,2,0,2,2,2,2,0,0,0,0,0,0,0,0,0,0,0,0,0,0,0,0,0,0,0,0,0,0,0,0,0,0,0,0,0,0,0,0,0,0,0,0,0,0,0,0,0,0,0,0,0,0,0,0,0,0,0.35,0,0,4.9418582939,4.9418582939
Kunjin,15,15.N.5.C,K90,K225,E.loxophleba,YG.Control,15,575,North,5,15.North.5,Control,R,1,13,2,2,3,3,4,3.333333333,66.72,82.32,71.92,92.72,80.58666667,8,4.25,6.75,1.75,5.1875,4.666666667,6,6.5,8,6.833333333,K90,GRBR,5,1,88,10,21,277,20.1,4.44,0.09,5.1,6.1,BRGR,5,1.5,18,3,9,187,11.5,3.13,0.115,4.8,5.7,1,8,0,8,0,1,2,1,7,1,6,1,3,0,3,2.7857142857,3,3,0,0,0,0,0,0,0,0,0,0,0,0,0,0,0,0,0,0,0,0,0,0,0,0,0,0,0,0,0,0,0,0,0,0,0,0,0,0,0,0,0,0,0,0,0,0,0,0,0,0,0.25,0,NA,NA,NA
Kunjin,15,15.N.5.L,K89,K223,E.loxophleba,YG.Litter,15,575,North,5,15.North.5,Litter,L,0,13,2,2,5,5,4,4.666666667,66.72,83.36,84.4,92.72,80.93333333,8,4,3.75,1.75,4.375,4.583333333,6.5,5.5,5.5,5.833333333,K89,GRBR,5,1,14,4,8,88,11.7,5.27,0.085,4.9,5.7,LTBR,41917,1.5,32,14,8,119,33.1,4.88,0.15,5,5.7,1,5,0,5,0,1,1,0,4,0,4,1,3,0,3,3,3,3,0,0,0,0,0,0,0,0,0,0,0,0,0,0,0,0,0,0,0,0,0,0,0,0,0,0,0,0,0,0,0,0,0,0,0,0,0,0,0,0,0,0,0,0,0,0,0,0,0,0,0.3,0,0,12.1099424898,12.1099424898
Kunjin,15,15.S.1.C,K80,K214,E.loxophleba,YG.Control,15,575,South,1,15.South.1,Control,L,0,0,-11,11,5,5,4,4.666666667,80.24,50.08,58.4,83.36,71.22666667,4.75,12,10,4,7.6875,6.916666667,10.5,10.5,9.5,10.16666667,K80,GR,0,1.5,2,4,4,102,3.1,2.26,0.025,4.6,5.6,GRBR,5,1,4,3,5,96,12,2.03,0.087,4.5,5.5,1,5,1,4,0,1,1,0,30,0,30,1,3,1,2,3,3,3,0,0,0,0,0,0,0,0,0,0,0,0,0,0,0,0,0,0,0,0,0,1,1,0,0,0,0,0,0,0,0,0,0,0,0,0,0,0,0,0,0,0,0,0,0,0,0,0,1,1,0.05,0.01,0,3.2860408061,3.2860408061
Kunjin,15,15.S.1.L,K79,K212,E.loxophleba,YG.Litter,15,575,South,1,15.South.1,Litter,R,1,0,-11,11,5,5,6,5.333333333,53.2,20.96,54.24,24.08,32.74666667,11.25,19,11,18.25,14.875,16.16666667,8,5.5,9,7.5,K79,GR,0,1.5,3,4,3,84,3.4,3.43,0.026,4.5,5.5,GRBR,5,1,3,3,3,87,3.9,1.67,0.031,4.5,5.5,4,10,2,8,1,3,2,0,37,0,37,2,6,2,4,3.9722222222,6,6,0,0,0,0,0,0,0,0,0,0,0,0,0,0,0,0,0,1,0,2,0,0,0,0,0,0,0,0,0,0,0,0,0,0,0,0,0,0,0,0,0,0,0,0,1,1,0,0,1,1,0.05,0.02,0,4.1012674184,4.1012674184
Kunjin,15,15.S.2.C,K82,K216,E.loxophleba,YG.Control,15,575,South,2,15.South.2,Control,R,1,2,-9,9,4,4,4,4,75.04,8.48,18.88,71.92,51.81333333,6,22,19.5,6.75,13.5625,11.58333333,9,6.5,9,8.166666667,K82,GR,0,1.5,2,2,2,59,3.2,1.94,0.025,4.5,5.4,LTBR,0,1.5,7,10,10,73,13.6,3.42,0.096,4.7,5.5,4,NA,NA,NA,NA,NA,2,0,12,0,12,2,NA,NA,NA,3.75,5,5,0,0,0,0,0,0,0,0,0,0,0,0,0,0,0,0,0,1,2,0,0,0,0,0,0,0,0,0,0,0,0,0,0,0,0,0,0,0,0,0,0,1,1,0,0,0,0,0,0,0,0.25,0.02,0,2.5238027469,2.5238027469
Kunjin,15,15.S.2.L,K81,K215,E.loxophleba,YG.Litter,15,575,South,2,15.South.2,Litter,L,0,2,-9,9,4,4,4,4,75.04,12.64,29.28,64.64,50.77333333,6,21,17,8.5,13.125,11.83333333,9.5,7,6,7.5,K81,GR,5,1.5,3,4,3,93,10.1,2.24,0.102,4.7,5.6,GRBR,5,1.5,6,6,5,91,6.6,2.1,0.06,4.8,5.6,5,7,3,4,2,3,1,0,30,0,30,1,5,3,2,3.8571428571,5,5,0,0,0,0,0,0,0,0,0,0,1,1,0,0,0,0,0,1,0,0,0,0,0,0,0,0,0,0,0,0,0,0,0,0,0,0,0,0,0,0,0,0,0,0,1,1,0,0,1,1,0.3,0.02,0,4.0920034796,4.0920034796
Kunjin,15,15.S.3.C,K84,K218,E.loxophleba,YG.Control,15,575,South,3,15.South.3,Control,L,0,4,-7,7,5,5,5,5,77.12,45.92,54.24,72.96,65.33333333,5.5,13,11,6.5,9,8.333333333,9,5,9,7.666666667,K84,BRGR,41917,1,70,33,15,142,40.2,3.6,0.241,4.9,5.5,LTBR,0,1.5,4,7,4,101,6.5,3.31,0.055,4.8,5.8,1,6,0,6,0,1,2,0,19,0,19,2,3,0,3,3,3,3,0,0,0,0,0,0,0,0,0,0,0,0,0,0,0,0,0,0,0,0,0,0,0,0,0,0,0,0,0,0,0,0,0,0,0,0,0,0,0,0,0,0,0,0,0,0,0,0,2,1,0.4,0.01,0,8.55259,8.55259
Kunjin,15,15.S.3.L,K83,K217,E.loxophleba,YG.Litter,15,575,South,3,15.South.3,Litter,R,1,4,-7,7,5,6,6,5.666666667,70.88,45.92,51.12,70.88,62.56,7,13,11.75,7,9.6875,9,7.5,8.5,9.5,8.5,K83,GR,0,1.5,4,2,3,128,4.9,2.94,0.05,4.9,5.8,LTBR,0,1,10,5,4,135,5.9,2.48,0.054,4.9,5.8,2,9,2,7,2,0,3,1,7,1,6,2,4,2,2,3.0555555556,4,4,0,0,0,0,0,0,0,0,0,0,0,0,0,0,0,0,0,1,1,0,0,0,0,0,0,0,0,0,0,0,0,0,0,0,0,0,0,0,0,0,0,0,0,0,0,0,0,0,0,0,0.6,0.03,0.0771913192,3.9252525816,3.9252525816
Kunjin,15,15.S.4.C,K86,K220,E.loxophleba,YG.Control,15,575,South,4,15.South.4,Control,R,1,6,-5,5,6,6,5,5.666666667,92.72,75.04,60.48,79.2,82.32,1.75,6,9.5,5,5.5625,4.25,10.5,12,11.5,11.33333333,K86,GR,0,1.5,5,6,4,76,14,3.37,0.121,5.2,5.9,LTGR,0,1.5,3,2,3,87,5.2,1.87,0.043,5.1,6.1,6,10,0,10,0,6,3,1,14,1,13,2,5,0,5,3.75,5,5,0,0,0,0,0,0,0,0,0,0,0,0,0,0,0,0,0,0,0,0,0,0,0,0,0,0,0,0,0,0,0,0,0,0,0,0,0,0,0,0,0,0,0,0,0,0,0,0,1,1,0.8,0,0,4.6154160204,4.6154160204
Kunjin,15,15.S.4.L,K85,K219,E.loxophleba,YG.Litter,15,575,South,4,15.South.4,Litter,L,0,6,-5,5,5,6,5,5.333333333,91.68,78.16,64.64,81.28,83.70666667,2,5.25,8.5,4.5,5.0625,3.916666667,10,10,11,10.33333333,K85,BRGR,5,1.5,99,19,6,101,46.2,4.97,0.256,4.8,5.5,LTGR,5,1,37,25,6,120,44.9,3.19,0.422,5.1,5.6,1,NA,NA,NA,NA,NA,3,1,8,1,7,2,NA,NA,NA,1,1,1,0,0,0,0,0,0,0,0,0,0,0,0,0,0,0,0,0,0,0,0,0,0,0,0,0,0,0,0,0,0,0,0,0,0,0,0,0,0,0,0,0,0,0,0,0,0,0,0,0,0,0.8,0,0,13.1243437857,13.1243437857
Kunjin,15,15.S.5.C,K88,K222,E.loxophleba,YG.Control,15,575,South,5,15.South.5,Control,L,0,8,-3,3,5,5,6,5.333333333,81.28,87.52,77.12,87.52,85.44,4.5,3,5.5,3,4,3.5,4,7.5,7.5,6.333333333,K88,GRBR,5,1,32,11,14,120,24.4,4.81,0.14,5.3,5.9,LTGR,5,1.5,7,5,6,113,8.5,2.67,0.123,5,5.8,3,11,0,11,0,3,1,0,4,0,4,1,4,0,4,2.8506493506,3.8181818182,4,0,0,0,0,0,0,0,0,0,0,0,0,0,0,0,0,0,0,0,0,0,0,0,0,0,0,0,0,0,0,0,0,0,0,0,0,1,1,0,0,0,0,0,0,0,0,0,0,0,0,0.8,0,0,5.1295646224,5.1295646224
Kunjin,15,15.S.5.L,K87,K221,E.loxophleba,YG.Litter,15,575,South,5,15.South.5,Litter,R,1,8,-3,3,6,6,6,6,84.4,88.56,81.28,89.6,87.52,3.75,2.75,4.5,2.5,3.375,3,6.5,8,5,6.5,K87,GRBR,5,1,12,9,12,128,21.5,4.03,0.158,5.1,5.8,LTGR,0,1,11,8,7,93,12.2,3.29,0.117,5.3,6,1,4,3,1,1,0,1,0,2,0,2,1,3,2,1,3,3,3,0,0,0,0,0,0,0,0,1,1,0,0,0,0,0,0,0,0,0,0,0,0,0,0,0,0,0,0,0,0,0,0,0,0,0,0,0,0,0,0,0,0,0,0,0,0,2,1,0,0,0.7,0,0,10.308106398,10.308106398
Kunjin,16,16.N.1.C,K117,K138,A.acuminata,Jam.Control,16,553,North,1,16.North.1,Control,L,0,18,9,9,4,4,6,4.666666667,0.16,0.16,0.16,0.16,0.16,24,24,24,24,24,24,8,9,8,8.333333333,K117,GRBR,0,1,4,15,7,81,6.2,3.9,0.077,5,5.8,GRBR,0,1,17,3,8,91,9.8,3.21,0.073,5.2,5.8,2,58,49,9,2,0,3,2,111,110,1,1,4,3,1,2.9213428905,3.6678319625,3.9025366856,14,1,0,0,0,0,0,0,0,0,0,0,0,0,9,1,0,0,0,0,0,0,0,0,0,0,0,0,0,0,0,10,0,0,0,0,0,0,0,0,0,0,0,0,0,0,25,1,0,0,0.02,0.02,0,0,0.0001
Kunjin,16,16.N.1.L,K116,K137,A.acuminata,Jam.Litter,16,553,North,1,16.North.1,Litter,R,1,18,9,9,5,6,5,5.333333333,0.16,0.16,0.16,0.16,0.16,24,24,24,24,24,24,12,12,8,10.66666667,K116,GRBR,0,1,3,11,7,150,4.5,2.45,0.06,6,6.5,BRGR,0,1,3,7,4,88,4.7,1.88,0.047,5.7,6.3,4,45,35,10,3,1,2,1,61,60,1,1,6,4,2,3.1161890356,4.176315845,4.7395222222,3,1,0,0,0,0,0,0,3,1,11,1,0,0,9,1,0,0,0,0,0,0,0,0,0,0,0,0,0,0,0,0,0,0,0,0,0,0,0,0,0,0,0,0,0,0,18,1,0,0,0.03,0,0,0.5022272041,0.5022272041
Kunjin,16,16.N.2.C,NA,NA,A.acuminata,Jam.Control,16,553,North,2,16.North.2,Control,R,1,16,7,7,NA,NA,NA,NA,NA,NA,NA,NA,NA,NA,NA,NA,NA,NA,NA,NA,NA,NA,NA,NA,NA,NA,NA,NA,NA,NA,NA,NA,NA,NA,NA,NA,NA,NA,NA,NA,NA,NA,NA,NA,NA,NA,NA,NA,1,NA,NA,NA,NA,NA,3,2,25,23,2,1,NA,NA,NA,0,0,0,0,0,0,0,0,0,0,0,0,0,0,0,0,0,0,0,0,0,0,0,0,0,0,0,0,0,0,0,0,0,0,0,0,0,0,0,0,0,0,0,0,0,0,0,0,0,0,0,0,0,0.02,0.02,NA,NA,NA
Kunjin,16,16.N.2.L,K115,K136,A.acuminata,Jam.Litter,16,553,North,2,16.North.2,Litter,L,0,16,7,7,4,5,4,4.333333333,0.16,0.16,0.16,0.16,0.16,24,24,24,24,24,24,8,7,9.5,8.166666667,K115,GRBR,0,1,5,13,6,92,3.2,2.02,0.046,4.9,5.8,BRGR,0,1.5,3,6,3,52,4.3,2.12,0.035,5.1,5.8,2,20,16,4,2,0,3,2,39,35,4,1,6,5,1,3.3889318885,4.7020123839,5.4462719298,2,1,0,0,0,0,0,0,5,1,1,1,0,0,4,1,0,0,0,0,0,0,0,0,0,0,1,0,0,0,0,0,0,0,0,0,0,0,0,0,0,0,0,0,0,0,7,1,0,0,0.03,0.03,0,0,0.0001
Kunjin,16,16.N.3.C,K114,K135,A.acuminata,Jam.Control,16,553,North,3,16.North.3,Control,L,0,14,5,5,5,4,4,4.333333333,0.16,0.16,8.48,0.16,0.16,24,24,22,24,23.5,24,11,13,10.5,11.5,K114,GRBR,0,1,4,10,4,58,3.7,2.33,0.036,4.7,5.4,BRGR,0,1,4,6,3,91,3.9,1.88,0.036,4.8,5.7,3,88,24,64,3,0,2,1,13,5,8,1,6,3,3,2.810725803,3.7370829207,4.2517134008,4,1,0,0,0,0,0,0,0,0,5,1,45,1,18,1,0,0,0,0,0,0,0,0,0,0,0,0,0,0,0,0,0,0,0,0,0,0,0,0,0,0,0,0,0,0,15,1,1,1,0.02,0.04,0,0,0.0001
Kunjin,16,16.N.3.L,K113,K134,A.acuminata,Jam.Litter,16,553,North,3,16.North.3,Litter,R,1,14,5,5,4,4,5,4.333333333,0.16,0.16,8.48,0.16,0.16,24,24,22,24,23.5,24,13,12,14,13,K113,GRBR,0,1.5,3,7,5,85,3.7,3.04,0.039,4.8,5.7,BRGR,0,1.5,3,9,4,138,3.8,1.49,0.045,5,5.8,2,27,11,16,2,0,3,2,15,14,1,1,6,3,3,3.0881332838,4.2535273524,4.9597918414,7,1,0,0,0,0,0,0,1,1,0,0,12,1,0,0,0,0,0,0,0,0,0,0,0,0,0,0,0,0,0,0,0,0,0,0,0,0,0,0,0,0,0,0,0,0,3,1,1,1,0.03,0.02,0,4.7404791939,4.7404791939
Kunjin,16,16.N.4.C,K112,K133,A.acuminata,Jam.Control,16,553,North,4,16.North.4,Control,R,1,12,3,3,3,4,4,3.666666667,1.2,18.88,64.64,76.08,32.05333333,23.75,19.5,8.5,5.75,14.375,16.33333333,11,7.5,9,9.166666667,K112,LTBR,0,1.5,3,2,3,48,2.3,0.67,0.012,4.4,5.3,BRGR,0,1,2,2,2,49,2.6,1.29,0.021,4.8,5.7,3,6,6,0,3,0,2,1,9,3,6,1,3,3,0,2.6666666667,3,3,1,1,0,0,0,0,0,0,4,1,0,0,0,0,0,0,0,0,0,0,0,0,0,0,0,0,0,1,0,0,0,0,0,0,0,0,0,0,0,0,0,0,0,0,0,0,0,0,0,0,0.01,0.1,0.0342682686,1.6118930816,1.6118930816
Kunjin,16,16.N.4.L,K111,K132,A.acuminata,Jam.Litter,16,553,North,4,16.North.4,Litter,L,0,12,3,3,3,4,5,4,0.16,31.36,70.88,75.04,35.52,24,16.5,7,6,13.375,15.5,11,13,15,13,K111,BRGR,0,1.5,3,5,4,85,3.5,2.11,0.037,4.6,5.5,BRGR,0,1,5,3,4,78,3.5,1.13,0.03,4.6,5.3,3,34,6,28,3,0,2,2,10,10,0,0,6,3,3,2.7531445863,3.7330323377,4.413847064,1,1,0,0,0,0,0,0,3,1,0,0,18,1,9,1,0,0,0,0,0,0,0,0,0,0,0,0,0,0,0,0,0,0,0,0,0,0,0,0,0,0,0,0,0,0,2,1,0,0,0.02,0.1,0,0.569176702,0.569176702
Kunjin,16,16.N.5.C,K110,K131,A.acuminata,Jam.Control,16,553,North,5,16.North.5,Control,L,0,10,1,1,4,4,4,4,88.56,98.96,88.56,91.68,93.06666667,2.75,0.25,2.75,2,1.9375,1.666666667,5,7,6.5,6.166666667,K110,BRGR,5,1,5,3,6,110,6.1,1.79,0.046,4.7,5.4,BRGR,5,1.5,59,23,9,60,21.1,2.31,0.119,4.8,5.4,3,8,5,3,2,1,2,1,7,3,4,1,3,2,1,2.6071428571,3,3,1,1,0,0,0,0,0,0,4,1,0,0,0,0,3,1,0,0,0,0,0,0,0,0,0,0,0,0,0,0,0,0,0,0,0,0,0,0,0,0,0,0,0,0,0,0,0,0,0,0,0.01,0.75,0,3.3282862473,3.3282862473
Kunjin,16,16.N.5.L,K109,K129,A.acuminata,Jam.Litter,16,553,North,5,16.North.5,Litter,R,1,10,1,1,3,4,3,3.333333333,85.44,98.96,96.88,92.72,92.37333333,3.5,0.25,0.75,1.75,1.5625,1.833333333,3,4,4.5,3.833333333,K109,BRGR,0,1,8,9,5,102,6.3,2.05,0.06,4.8,5.7,BRGR,0,1,109,59,9,118,30,3.97,0.242,4.9,5.5,2,13,10,3,2,0,2,1,6,3,3,1,3,2,1,2.1888111888,2.7657342657,3,1,1,0,0,0,0,0,0,9,1,0,0,0,0,3,1,0,0,0,0,0,0,0,0,0,0,0,0,0,0,0,0,0,0,0,0,0,0,0,0,0,0,0,0,0,0,0,0,0,0,0.02,1,0,2.4002324581,2.4002324581
Kunjin,16,16.S.1.C,K100,K120,A.acuminata,Jam.Control,16,553,South,1,16.South.1,Control,R,1,0,-9,9,5,4,4,4.333333333,NA,0.16,0.16,0.16,0.16,NA,24,24,24,24,24,14,12,13.5,13.16666667,K100,GRBR,0,1.5,3,4,4,95,2.1,1.54,0.019,5,5.9,BRGR,5,1,2,4,2,79,3.9,1.03,0.029,5.6,6.3,4,62,35,27,2,2,3,1,35,15,20,2,8,4,4,3.7148610061,5.4184196687,6.2681934585,0,0,0,0,0,0,0,0,0,0,14,1,3,1,10,1,0,0,0,0,0,1,1,0,0,0,0,0,0,0,0,12,0,0,0,0,0,0,0,0,0,0,0,0,0,0,8,1,4,1,0.04,0.02,0,0,0.0001
Kunjin,16,16.S.1.L,K99,B127,A.acuminata,Jam.Litter,16,553,South,1,16.South.1,Litter,L,0,0,-9,9,4,4,4,4,NA,0.16,0.16,0.16,0.16,NA,24,24,24,24,24,12.5,13,13.5,13,K99,GRBR,0,1.5,5,8,3,74,2.8,1.52,0.027,5.3,6.2,LTGR,0,1,2,4,3,120,3.3,1.22,0.037,6.1,6.6,5,37,33,4,3,2,6,3,89,71,18,3,6,4,2,2.8860648272,4.0542072736,4.7678523967,0,0,0,0,0,0,0,0,2,1,5,1,0,0,0,0,0,0,0,0,0,0,0,0,0,0,0,0,0,0,0,20,0,0,0,0,0,0,0,0,0,0,0,0,0,0,6,1,3,1,0.02,0.02,0,0,0.0001
Kunjin,16,16.S.2.C,K102,K122,A.acuminata,Jam.Control,16,553,South,2,16.South.2,Control,L,0,2,-7,7,4,4,4,4,2.24,0.16,0.16,0.16,0.853333333,23.5,24,24,24,23.875,23.83333333,14,10,14,12.66666667,K102,BRGR,0,1,6,6,5,57,4.2,2.1,0.036,5.4,6,GR,0,1,2,1,2,67,1.9,0.55,0.014,5.2,6,3,74,59,15,2,1,3,2,97,87,10,1,6,4,2,3.058208749,4.0792563987,4.6195765568,0,0,0,0,0,0,0,0,2,1,7,1,0,0,12,1,0,0,0,0,0,0,0,0,0,0,0,0,0,0,0,20,0,0,0,0,0,0,0,0,0,0,0,0,0,0,30,1,3,1,0.08,0.1,0,0,0.0001
Kunjin,16,16.S.2.L,K101,K121,A.acuminata,Jam.Litter,16,553,South,2,16.South.2,Litter,R,1,2,-7,7,4,4,5,4.333333333,2.24,0.16,0.16,0.16,0.853333333,23.5,24,24,24,23.875,23.83333333,14,12,15,13.66666667,K101,BRGR,0,1.5,5,5,4,81,2.7,1.41,0.024,5.3,6.2,GR,5,1,6,2,2,53,3.6,0.65,0.027,4.9,5.8,5,32,14,18,5,0,3,2,78,71,7,1,7,4,3,3.2992610837,4.6729504045,5.525315568,0,0,0,0,0,0,0,0,1,1,3,1,12,1,3,1,0,0,1,0,0,0,0,0,0,0,0,0,0,0,0,9,0,0,0,0,0,0,0,0,0,0,0,0,0,0,0,0,0,0,0.04,0.04,0,0,0.0001
Kunjin,16,16.S.3.C,K104,K124,A.acuminata,Jam.Control,16,553,South,3,16.South.3,Control,R,1,4,-5,5,5,4,5,4.666666667,81.28,49.04,8.48,54.24,61.52,4.5,12.25,22,11,12.4375,9.25,10,12,13,11.66666667,K104,BRGR,0,1,6,4,3,63,4.2,1.47,0.031,5.1,5.8,GR,0,1,2,2,2,54,2.8,1.11,0.024,5.4,6,4,55,31,24,2,2,4,3,55,43,12,1,6,3,3,3.2583508899,4.3774967916,4.8848110182,0,0,0,0,0,0,0,0,0,0,13,1,0,0,19,1,0,0,0,0,0,0,0,0,0,0,0,0,0,0,0,11,1,0,0,0,0,0,0,0,0,0,0,0,0,0,7,1,0,0,0.04,0.15,0,0,0.0001
Kunjin,16,16.S.3.L,K103,K123,A.acuminata,Jam.Litter,16,553,South,3,16.South.3,Litter,L,0,4,-5,5,7,6,5,6,48,25.12,8.48,2.24,25.12,12.5,18,22,23.5,19,18,12,12,13,12.33333333,K103,BRGR,0,1,6,2,3,85,3.2,1.67,0.029,5.1,6,GR,0,1,5,3,2,58,3.2,1.25,0.028,5.3,6.1,3,61,34,27,2,1,4,2,57,50,7,2,5,3,2,3.0458682564,3.9666511878,4.3821640697,0,0,0,0,0,0,0,0,0,0,16,1,0,0,24,1,0,0,0,0,0,0,0,0,0,0,0,0,0,0,0,6,0,0,0,0,0,0,0,0,0,0,0,0,0,0,12,1,0,0,0.03,0.12,0,0,0.0001
Kunjin,16,16.S.4.C,K106,K126,A.acuminata,Jam.Control,16,553,South,4,16.South.4,Control,L,0,6,-3,3,5,6,6,5.666666667,96.88,91.68,92.72,91.68,93.41333333,0.75,2,1.75,2,1.625,1.583333333,10,9,11,10,K106,BRGR,0,1,5,1,5,70,3.2,1.92,0.027,4.9,5.8,GR,0,1,3,4,2,82,2.9,0.92,0.03,4.8,5.6,2,17,2,15,2,0,3,1,55,25,30,2,4,2,2,2.5271493213,3.1764191691,3.7647058824,0,0,0,0,0,0,0,0,1,1,1,1,0,0,8,1,0,0,0,0,0,0,0,0,0,0,0,0,0,0,0,0,0,0,0,0,0,0,0,0,0,0,0,0,0,0,0,0,0,0,0.13,0.8,0,2.3503829898,2.3503829898
Kunjin,16,16.S.4.L,K105,K125,A.acuminata,Jam.Litter,16,553,South,4,16.South.4,Litter,R,1,6,-3,3,5,5,6,5.333333333,98.96,97.92,97.92,92.72,96.53333333,0.25,0.5,0.5,1.75,0.75,0.833333333,7,8.5,9,8.166666667,K105,BRGR,5,1.5,4,2,4,122,3.5,2,0.032,4.9,5.9,GR,0,1,7,5,2,67,4.3,1.43,0.04,5,5.9,4,10,2,8,3,1,3,1,28,2,26,2,4,1,3,3.0515873016,4,4,0,0,0,0,0,0,0,0,2,1,0,0,0,0,5,1,0,0,0,0,0,0,0,0,0,0,0,0,0,0,0,0,0,0,0,0,0,0,0,0,0,0,0,0,0,0,0,0,0,0,0.01,0.9,0,1.8454983265,1.8454983265
Kunjin,16,16.S.5.C,K108,K128,A.acuminata,Jam.Control,16,553,South,5,16.South.5,Control,R,1,8,-1,1,6,5,5,5.333333333,97.92,91.68,91.68,80.24,89.94666667,0.5,2,2,4.75,2.3125,2.416666667,5,7,8.5,6.833333333,K108,LTGR,0,1,2,2,3,182,2.8,1.25,0.021,4.5,5.5,GR,0,1.5,2,3,2,87,3.2,1.23,0.024,4.8,5.6,2,5,3,2,1,1,NA,NA,NA,NA,NA,NA,3,1,2,3,3,3,0,0,0,0,0,0,0,0,3,1,0,0,0,0,0,0,0,0,0,0,0,0,0,0,0,0,0,0,0,0,0,0,0,0,0,0,0,0,0,0,0,0,0,0,0,0,0,0,0,0,0.03,0.95,0,4.1151633265,4.1151633265
Kunjin,16,16.S.5.L,K107,K127,A.acuminata,Jam.Litter,16,553,South,5,16.South.5,Litter,L,0,8,-1,1,6,5,6,5.666666667,81.28,97.92,93.76,79.2,86.13333333,4.5,0.5,1.5,5,2.875,3.333333333,9,6,11,8.666666667,K107,BRGR,0,1,3,8,5,113,4.3,3.05,0.047,4.9,5.8,GR,0,1.5,2,4,2,81,3.3,1.33,0.03,4.8,5.8,1,7,5,2,1,0,2,1,4,1,3,1,3,0,3,2.4285714286,3,3,0,0,0,0,0,0,0,0,5,1,0,0,0,0,1,1,0,0,0,0,0,0,0,0,0,0,0,0,0,0,0,0,0,0,0,0,0,0,0,0,0,0,0,0,0,0,0,0,0,0,0.05,0.9,0,2.5051160735,2.5051160735
